inventory_id,product_id,store_id,inventory_level,supplier_lead_time,stockout_flag
1,1,1,329,7,1
2,2,7,351,13,0
3,3,11,233,16,1
4,4,18,410,7,0
5,5,8,231,11,1
6,6,6,335,12,1
7,7,11,305,17,1
8,8,8,120,20,0
9,9,6,320,13,0
10,10,9,419,13,0
11,11,17,300,5,0
12,12,2,293,10,1
13,13,7,165,7,1
14,14,8,66,15,0
15,15,16,98,8,1
16,16,15,459,8,0
17,17,15,463,8,0
18,18,6,51,17,1
19,19,18,426,6,1
20,20,16,84,12,1
21,21,19,392,15,0
22,22,10,159,13,0
23,23,12,320,5,1
24,24,4,154,13,1
25,25,14,276,18,0
26,26,5,236,6,1
27,27,4,62,10,1
28,28,8,152,19,1
29,29,1,378,17,1
30,30,6,452,15,1
31,31,7,85,15,1
32,32,17,148,18,1
33,33,10,385,15,1
34,34,7,389,15,0
35,35,8,283,18,0
36,36,8,287,6,0
37,37,15,491,20,1
38,38,9,196,12,1
39,39,3,82,18,1
40,40,14,294,5,1
41,41,18,249,15,1
42,42,20,143,6,1
43,43,15,59,6,1
44,44,2,292,8,0
45,45,12,396,17,1
46,46,8,269,16,0
47,47,16,425,13,1
48,48,19,341,17,1
49,49,6,500,13,0
50,50,14,97,14,0
51,51,10,219,16,1
52,52,8,428,20,1
53,53,10,77,14,0
54,54,19,491,20,0
55,55,3,110,18,0
56,56,10,158,13,0
57,57,18,168,14,1
58,58,8,186,9,0
59,59,20,189,20,1
60,60,14,478,5,1
61,61,17,96,20,1
62,62,4,282,7,1
63,63,13,315,16,1
64,64,9,372,12,0
65,65,18,305,14,1
66,66,8,445,18,1
67,67,10,332,17,1
68,68,8,411,17,1
69,69,5,123,18,0
70,70,11,417,20,0
71,71,10,405,14,0
72,72,10,455,10,0
73,73,13,285,13,0
74,74,18,403,13,1
75,75,16,61,17,1
76,76,2,147,13,0
77,77,2,217,18,0
78,78,12,461,8,1
79,79,13,282,16,1
80,80,4,381,7,1
81,81,4,325,9,1
82,82,18,403,16,0
83,83,12,112,19,0
84,84,20,156,11,0
85,85,1,493,5,0
86,86,19,319,8,0
87,87,17,316,14,1
88,88,13,125,7,0
89,89,19,270,8,0
90,90,8,210,13,1
91,91,3,80,15,0
92,92,14,158,9,1
93,93,18,474,13,0
94,94,10,429,5,0
95,95,15,93,6,0
96,96,3,160,8,1
97,97,19,204,11,0
98,98,4,410,12,1
99,99,2,413,18,1
100,100,11,273,17,0
101,101,11,149,16,1
102,102,5,302,19,1
103,103,5,78,16,0
104,104,2,309,17,1
105,105,7,415,7,0
106,106,15,397,6,1
107,107,18,348,9,1
108,108,13,409,7,1
109,109,10,89,14,0
110,110,20,72,18,1
111,111,10,238,19,1
112,112,17,497,16,0
113,113,6,228,5,1
114,114,12,479,15,0
115,115,16,181,11,0
116,116,8,478,20,0
117,117,10,392,7,1
118,118,17,432,5,1
119,119,4,475,19,1
120,120,15,313,17,1
121,121,7,254,19,1
122,122,16,329,14,1
123,123,10,71,16,1
124,124,3,484,19,0
125,125,12,239,16,1
126,126,17,145,20,1
127,127,15,281,10,1
128,128,12,413,10,1
129,129,5,116,7,0
130,130,16,280,19,1
131,131,19,205,10,0
132,132,12,205,7,0
133,133,20,444,13,0
134,134,1,202,19,0
135,135,14,213,16,1
136,136,18,122,8,0
137,137,14,289,20,1
138,138,13,194,20,1
139,139,4,76,11,1
140,140,17,456,15,1
141,141,17,283,9,0
142,142,6,203,20,0
143,143,4,450,12,0
144,144,20,275,15,1
145,145,7,337,15,1
146,146,15,148,12,1
147,147,10,457,13,1
148,148,18,90,16,1
149,149,7,350,12,0
150,150,8,101,9,0
151,151,16,343,12,0
152,152,2,358,8,1
153,153,18,219,10,1
154,154,1,217,7,1
155,155,16,218,14,0
156,156,8,410,14,0
157,157,8,331,20,0
158,158,3,308,11,0
159,159,15,117,18,1
160,160,10,73,18,1
161,161,3,380,18,1
162,162,13,320,9,0
163,163,15,129,13,0
164,164,14,278,6,0
165,165,8,344,15,1
166,166,17,268,20,0
167,167,13,144,20,0
168,168,5,180,11,1
169,169,3,461,11,1
170,170,1,359,11,1
171,171,10,304,19,0
172,172,12,333,18,1
173,173,8,428,20,1
174,174,6,479,7,0
175,175,8,366,20,1
176,176,18,58,18,0
177,177,5,90,16,1
178,178,8,332,20,0
179,179,3,167,11,1
180,180,9,435,17,0
181,181,8,454,7,1
182,182,8,451,19,1
183,183,13,87,7,1
184,184,5,277,16,1
185,185,6,231,7,1
186,186,14,136,9,1
187,187,5,234,13,0
188,188,7,244,15,1
189,189,20,213,14,1
190,190,9,63,19,0
191,191,3,416,18,1
192,192,16,454,16,0
193,193,12,100,13,0
194,194,13,93,8,0
195,195,15,281,15,0
196,196,4,314,10,0
197,197,15,427,11,1
198,198,7,237,15,0
199,199,16,228,16,1
200,200,10,109,10,1
201,201,14,325,10,0
202,202,6,149,17,1
203,203,14,66,13,0
204,204,19,471,16,0
205,205,14,274,8,0
206,206,12,229,13,0
207,207,10,493,9,0
208,208,11,242,19,0
209,209,9,424,19,1
210,210,7,345,9,1
211,211,2,269,11,0
212,212,3,370,14,0
213,213,4,277,5,0
214,214,5,238,14,0
215,215,5,371,9,1
216,216,4,176,13,0
217,217,20,360,11,1
218,218,8,234,15,0
219,219,12,160,6,0
220,220,17,208,7,0
221,221,13,94,18,0
222,222,2,133,20,1
223,223,5,318,7,1
224,224,17,343,8,0
225,225,8,461,18,0
226,226,11,461,6,1
227,227,10,338,14,0
228,228,16,227,5,1
229,229,10,414,13,0
230,230,14,376,17,0
231,231,5,189,12,0
232,232,4,324,16,0
233,233,9,125,7,0
234,234,2,433,12,0
235,235,4,372,7,1
236,236,7,75,10,1
237,237,13,278,9,0
238,238,16,152,12,0
239,239,16,63,15,0
240,240,16,173,13,0
241,241,12,410,16,0
242,242,10,60,20,0
243,243,5,122,8,1
244,244,13,273,20,1
245,245,20,200,9,0
246,246,13,103,20,0
247,247,8,185,11,0
248,248,4,302,17,1
249,249,19,213,13,0
250,250,13,270,10,1
251,251,11,99,6,1
252,252,12,63,11,0
253,253,4,328,17,0
254,254,6,338,6,0
255,255,12,264,20,0
256,256,13,138,10,0
257,257,14,463,7,0
258,258,18,126,9,0
259,259,10,292,6,0
260,260,20,293,13,1
261,261,10,276,15,1
262,262,3,470,6,0
263,263,17,177,6,1
264,264,7,173,16,1
265,265,19,247,6,0
266,266,8,292,9,0
267,267,20,288,14,1
268,268,12,377,15,1
269,269,10,398,9,0
270,270,14,415,12,1
271,271,6,421,10,1
272,272,8,287,8,1
273,273,19,321,14,1
274,274,7,448,7,1
275,275,11,441,10,1
276,276,14,323,11,1
277,277,7,102,17,1
278,278,10,118,15,1
279,279,13,136,8,1
280,280,9,74,8,1
281,281,18,388,8,1
282,282,17,152,13,0
283,283,10,51,5,0
284,284,16,168,19,1
285,285,4,109,8,0
286,286,6,143,8,1
287,287,13,80,10,0
288,288,19,116,20,1
289,289,2,315,8,1
290,290,13,88,20,1
291,291,2,277,19,0
292,292,4,50,7,1
293,293,15,357,20,1
294,294,8,73,10,1
295,295,14,284,11,1
296,296,19,426,6,1
297,297,19,264,12,1
298,298,15,333,11,0
299,299,10,405,15,0
300,300,19,104,5,1
301,301,2,403,14,0
302,302,4,74,17,1
303,303,18,410,16,0
304,304,6,269,13,1
305,305,9,76,14,1
306,306,11,324,17,0
307,307,11,54,8,1
308,308,20,326,14,0
309,309,15,445,5,0
310,310,7,432,9,0
311,311,2,182,18,1
312,312,14,366,7,0
313,313,4,470,5,1
314,314,5,457,16,0
315,315,1,421,16,0
316,316,5,459,6,1
317,317,3,385,12,0
318,318,7,128,16,1
319,319,11,425,15,1
320,320,10,184,7,0
321,321,1,291,9,1
322,322,10,55,12,0
323,323,6,168,7,1
324,324,7,215,8,1
325,325,19,242,12,1
326,326,16,313,13,0
327,327,12,296,20,1
328,328,14,312,6,0
329,329,6,279,20,1
330,330,20,225,19,0
331,331,5,99,10,1
332,332,4,270,18,1
333,333,14,180,20,0
334,334,18,110,5,1
335,335,14,266,16,1
336,336,18,345,16,1
337,337,8,364,6,0
338,338,3,239,7,0
339,339,17,461,14,0
340,340,17,385,5,0
341,341,12,85,7,1
342,342,8,258,8,0
343,343,17,447,19,1
344,344,9,230,5,1
345,345,13,343,13,0
346,346,7,232,9,0
347,347,16,302,13,1
348,348,13,307,16,1
349,349,17,101,15,1
350,350,9,157,18,1
351,351,15,271,17,0
352,352,16,178,6,1
353,353,2,234,13,1
354,354,12,394,20,1
355,355,10,132,15,0
356,356,10,316,19,1
357,357,5,253,8,0
358,358,2,93,17,1
359,359,10,232,15,1
360,360,18,499,18,1
361,361,8,55,5,0
362,362,18,168,5,1
363,363,14,266,12,1
364,364,18,376,19,1
365,365,16,194,13,0
366,366,8,452,20,1
367,367,11,142,11,1
368,368,8,316,11,1
369,369,11,202,11,1
370,370,4,252,12,0
371,371,16,401,15,0
372,372,5,437,16,1
373,373,13,327,20,0
374,374,11,469,13,1
375,375,17,82,17,0
376,376,20,84,6,0
377,377,4,319,13,0
378,378,3,234,18,1
379,379,17,168,17,0
380,380,8,233,19,1
381,381,18,331,15,1
382,382,11,180,16,1
383,383,2,159,15,0
384,384,18,185,16,0
385,385,3,455,20,0
386,386,19,500,18,1
387,387,20,339,9,1
388,388,13,222,7,1
389,389,9,336,11,1
390,390,7,344,7,0
391,391,12,470,19,0
392,392,7,125,14,0
393,393,10,317,13,1
394,394,1,366,13,0
395,395,3,247,12,1
396,396,20,61,6,0
397,397,13,204,12,1
398,398,13,94,17,0
399,399,5,120,11,0
400,400,17,418,8,0
401,401,1,104,9,0
402,402,9,402,20,0
403,403,12,66,18,0
404,404,7,493,19,0
405,405,20,281,19,0
406,406,13,275,17,1
407,407,14,96,8,0
408,408,11,178,15,0
409,409,15,363,10,1
410,410,11,208,19,1
411,411,7,361,20,0
412,412,16,192,11,0
413,413,12,263,10,0
414,414,20,238,17,0
415,415,10,406,11,0
416,416,17,344,16,0
417,417,16,110,5,1
418,418,20,153,14,1
419,419,17,420,5,0
420,420,16,492,15,1
421,421,17,219,16,0
422,422,11,489,15,0
423,423,16,241,6,0
424,424,1,443,8,0
425,425,15,73,8,1
426,426,7,110,13,0
427,427,1,410,14,0
428,428,20,104,17,0
429,429,6,438,7,1
430,430,15,490,13,1
431,431,11,295,19,0
432,432,19,286,17,1
433,433,18,270,18,1
434,434,3,207,17,0
435,435,13,436,5,0
436,436,10,456,14,1
437,437,1,50,16,0
438,438,14,272,11,0
439,439,18,86,5,0
440,440,5,282,18,1
441,441,6,187,18,1
442,442,16,424,13,1
443,443,3,225,5,1
444,444,19,405,14,1
445,445,19,92,9,0
446,446,20,352,9,1
447,447,8,470,9,1
448,448,15,135,19,1
449,449,18,495,18,0
450,450,11,383,13,1
451,451,9,396,10,1
452,452,3,421,14,1
453,453,20,94,9,1
454,454,6,404,15,1
455,455,2,85,20,0
456,456,16,182,8,0
457,457,9,249,13,0
458,458,1,51,17,1
459,459,12,486,15,0
460,460,7,402,16,1
461,461,7,82,14,1
462,462,11,391,19,0
463,463,5,373,6,1
464,464,6,268,15,1
465,465,19,111,13,0
466,466,12,455,17,0
467,467,1,155,9,1
468,468,6,371,14,1
469,469,8,162,19,0
470,470,4,236,14,0
471,471,20,298,8,0
472,472,19,216,12,0
473,473,7,124,11,1
474,474,5,66,6,1
475,475,15,137,12,0
476,476,7,176,15,1
477,477,19,251,20,0
478,478,3,172,7,0
479,479,6,257,10,1
480,480,1,435,13,0
481,481,2,70,16,1
482,482,3,427,11,0
483,483,17,298,8,1
484,484,12,197,7,0
485,485,5,399,9,1
486,486,1,225,15,1
487,487,19,444,6,0
488,488,6,404,9,0
489,489,11,412,6,1
490,490,15,443,9,1
491,491,18,125,19,1
492,492,2,97,15,0
493,493,8,94,17,0
494,494,20,239,17,1
495,495,12,461,19,1
496,496,14,83,17,0
497,497,9,476,17,1
498,498,19,184,14,1
499,499,10,84,16,1
500,500,16,347,6,0
501,501,5,74,14,1
502,502,6,407,16,0
503,503,5,161,9,0
504,504,17,295,16,1
505,505,20,488,9,0
506,506,5,71,11,0
507,507,19,55,8,0
508,508,6,230,10,0
509,509,1,421,8,0
510,510,19,159,12,1
511,511,15,70,7,1
512,512,10,146,7,1
513,513,16,252,17,0
514,514,7,305,13,1
515,515,20,178,20,1
516,516,1,359,15,0
517,517,4,183,15,0
518,518,13,335,14,0
519,519,10,400,20,1
520,520,13,81,5,0
521,521,19,229,6,0
522,522,10,60,15,0
523,523,19,212,17,1
524,524,16,203,16,1
525,525,3,461,12,0
526,526,9,308,14,1
527,527,13,314,10,1
528,528,15,125,12,0
529,529,11,357,12,1
530,530,7,68,11,0
531,531,9,490,7,1
532,532,12,306,8,1
533,533,20,123,8,0
534,534,14,266,20,0
535,535,16,459,6,0
536,536,10,54,17,1
537,537,10,493,7,1
538,538,11,230,18,1
539,539,2,152,14,1
540,540,8,118,13,0
541,541,3,335,12,0
542,542,6,238,10,0
543,543,14,197,20,1
544,544,20,64,14,1
545,545,8,253,11,1
546,546,9,231,6,0
547,547,13,183,10,1
548,548,3,305,13,1
549,549,20,486,19,0
550,550,8,303,6,1
551,551,16,494,14,0
552,552,9,176,20,0
553,553,4,285,20,1
554,554,1,460,14,1
555,555,18,95,5,0
556,556,10,400,9,1
557,557,7,465,16,0
558,558,3,372,7,1
559,559,16,74,7,0
560,560,14,443,5,0
561,561,13,369,13,1
562,562,3,109,5,0
563,563,13,114,9,0
564,564,7,489,11,0
565,565,16,60,19,0
566,566,13,427,14,0
567,567,17,211,7,1
568,568,16,148,20,1
569,569,8,249,18,1
570,570,7,360,20,0
571,571,8,139,6,0
572,572,20,443,6,1
573,573,20,450,8,0
574,574,4,425,8,0
575,575,4,308,10,0
576,576,14,261,18,1
577,577,5,81,17,0
578,578,17,473,13,0
579,579,7,93,6,1
580,580,5,437,10,0
581,581,9,480,16,1
582,582,4,347,12,1
583,583,19,314,11,1
584,584,14,278,7,1
585,585,17,300,18,0
586,586,16,283,20,0
587,587,4,128,8,1
588,588,10,195,11,0
589,589,18,222,17,1
590,590,15,252,15,0
591,591,3,93,11,0
592,592,1,277,7,1
593,593,16,245,13,0
594,594,6,397,10,0
595,595,2,242,8,0
596,596,19,212,19,1
597,597,14,383,9,1
598,598,17,334,19,0
599,599,10,479,17,1
600,600,10,252,8,0
601,601,20,189,12,1
602,602,20,52,5,0
603,603,16,394,8,1
604,604,13,163,5,1
605,605,20,193,20,0
606,606,13,387,10,0
607,607,5,322,13,1
608,608,2,314,6,0
609,609,18,463,5,0
610,610,7,271,5,1
611,611,16,367,19,0
612,612,3,460,19,0
613,613,14,255,8,1
614,614,20,395,5,1
615,615,4,376,13,1
616,616,20,349,18,1
617,617,5,350,9,0
618,618,2,146,20,1
619,619,11,303,12,0
620,620,15,155,17,0
621,621,3,373,16,0
622,622,10,61,10,1
623,623,5,464,16,0
624,624,4,212,18,0
625,625,7,496,9,1
626,626,16,287,10,1
627,627,16,382,6,0
628,628,8,331,7,0
629,629,17,289,18,1
630,630,9,233,7,1
631,631,4,395,15,1
632,632,9,471,16,1
633,633,1,314,19,1
634,634,7,345,9,1
635,635,12,203,15,0
636,636,11,146,20,0
637,637,10,151,7,1
638,638,10,490,18,1
639,639,18,208,18,1
640,640,10,278,7,1
641,641,19,283,16,1
642,642,14,407,8,1
643,643,9,440,8,1
644,644,11,87,19,1
645,645,7,433,19,1
646,646,18,137,5,0
647,647,18,128,19,1
648,648,2,207,19,0
649,649,7,57,15,0
650,650,6,337,11,0
651,651,8,211,5,1
652,652,3,204,20,0
653,653,20,212,20,0
654,654,19,365,8,1
655,655,8,127,17,0
656,656,20,381,14,0
657,657,11,418,12,1
658,658,1,96,10,0
659,659,14,140,12,1
660,660,7,275,18,1
661,661,13,287,14,1
662,662,20,147,5,0
663,663,14,113,17,0
664,664,12,267,12,0
665,665,1,358,10,0
666,666,13,404,14,1
667,667,3,407,14,0
668,668,4,137,10,1
669,669,7,80,10,0
670,670,20,82,15,0
671,671,4,317,5,1
672,672,11,234,17,1
673,673,4,112,13,0
674,674,16,234,6,1
675,675,16,200,11,0
676,676,3,173,12,0
677,677,3,162,13,1
678,678,18,243,17,1
679,679,4,343,16,0
680,680,1,444,16,0
681,681,1,283,9,1
682,682,2,343,20,0
683,683,13,76,10,1
684,684,6,250,7,1
685,685,18,284,10,0
686,686,10,488,8,0
687,687,6,382,15,1
688,688,13,355,10,1
689,689,13,300,12,0
690,690,4,114,8,1
691,691,6,478,8,0
692,692,6,384,10,0
693,693,4,177,14,0
694,694,15,311,11,0
695,695,7,192,9,1
696,696,9,405,9,0
697,697,9,211,18,1
698,698,3,377,7,1
699,699,8,139,14,1
700,700,19,142,16,1
701,701,9,186,6,1
702,702,14,191,18,0
703,703,10,344,6,0
704,704,1,365,11,0
705,705,12,237,9,1
706,706,13,198,14,1
707,707,1,484,20,0
708,708,15,255,16,0
709,709,7,178,12,1
710,710,12,132,9,1
711,711,7,219,6,0
712,712,9,306,17,0
713,713,5,474,15,1
714,714,10,145,12,1
715,715,8,307,10,0
716,716,5,152,7,0
717,717,10,268,6,1
718,718,9,76,15,0
719,719,20,107,8,0
720,720,12,116,8,0
721,721,15,419,9,0
722,722,18,110,18,0
723,723,17,339,6,0
724,724,18,255,13,0
725,725,19,201,13,0
726,726,18,378,12,0
727,727,12,259,14,1
728,728,12,402,17,1
729,729,11,421,18,1
730,730,16,381,14,0
731,731,13,380,17,0
732,732,20,117,12,0
733,733,20,153,9,1
734,734,11,113,5,0
735,735,4,247,9,1
736,736,13,232,7,1
737,737,2,397,18,0
738,738,12,448,9,1
739,739,16,215,9,0
740,740,16,175,17,1
741,741,16,447,12,0
742,742,7,234,9,1
743,743,14,410,9,1
744,744,12,237,9,0
745,745,19,407,14,1
746,746,15,359,10,0
747,747,15,189,7,1
748,748,13,294,15,1
749,749,12,358,15,0
750,750,18,376,6,0
751,751,19,232,14,1
752,752,12,62,17,1
753,753,5,384,9,0
754,754,11,362,7,0
755,755,5,132,7,1
756,756,3,113,20,0
757,757,14,399,18,1
758,758,20,198,17,0
759,759,13,142,8,1
760,760,11,282,6,0
761,761,7,159,6,0
762,762,9,202,19,1
763,763,6,264,20,1
764,764,12,471,15,0
765,765,16,374,19,0
766,766,7,397,5,1
767,767,10,230,16,1
768,768,15,482,18,1
769,769,3,328,8,1
770,770,14,229,19,1
771,771,8,52,18,0
772,772,12,250,11,1
773,773,5,273,12,0
774,774,19,63,18,0
775,775,18,384,12,1
776,776,13,493,8,0
777,777,4,479,11,1
778,778,14,374,19,0
779,779,6,329,5,0
780,780,20,161,5,1
781,781,5,383,14,1
782,782,13,348,14,0
783,783,14,269,11,1
784,784,15,473,16,1
785,785,11,240,9,1
786,786,1,83,17,1
787,787,4,212,15,0
788,788,16,217,17,0
789,789,19,70,15,0
790,790,14,446,15,1
791,791,15,121,8,1
792,792,3,106,6,1
793,793,20,213,9,1
794,794,17,445,20,0
795,795,3,80,11,0
796,796,7,282,9,0
797,797,13,401,14,0
798,798,4,321,19,1
799,799,3,77,19,1
800,800,13,191,20,1
801,801,8,322,8,1
802,802,13,137,11,1
803,803,10,486,12,0
804,804,6,60,10,1
805,805,1,73,5,1
806,806,6,426,16,1
807,807,15,401,5,0
808,808,5,431,7,0
809,809,9,351,18,1
810,810,19,197,8,0
811,811,15,197,7,1
812,812,7,388,5,0
813,813,10,91,14,0
814,814,8,209,10,1
815,815,7,340,19,0
816,816,5,268,19,1
817,817,18,312,16,0
818,818,5,188,8,1
819,819,16,314,9,1
820,820,5,50,9,0
821,821,4,257,20,0
822,822,20,144,9,0
823,823,18,238,13,1
824,824,15,249,5,1
825,825,20,131,16,0
826,826,13,489,9,1
827,827,16,215,16,1
828,828,6,445,12,0
829,829,14,276,16,0
830,830,15,397,14,0
831,831,14,464,9,0
832,832,18,473,20,1
833,833,5,202,8,0
834,834,20,233,7,0
835,835,19,184,5,0
836,836,7,170,20,0
837,837,14,103,6,1
838,838,14,361,17,0
839,839,13,110,16,1
840,840,2,340,6,0
841,841,2,385,12,1
842,842,16,303,16,0
843,843,12,327,8,0
844,844,20,333,11,0
845,845,2,188,13,1
846,846,9,164,11,1
847,847,18,474,13,0
848,848,20,197,19,1
849,849,15,444,14,1
850,850,9,341,15,1
851,851,1,161,18,0
852,852,18,115,12,0
853,853,2,71,12,0
854,854,12,277,8,0
855,855,19,360,16,1
856,856,16,63,8,0
857,857,17,126,17,0
858,858,17,387,19,1
859,859,10,404,12,1
860,860,12,167,9,0
861,861,5,265,9,1
862,862,1,114,6,1
863,863,3,173,14,0
864,864,20,372,19,1
865,865,5,353,16,1
866,866,6,338,18,1
867,867,6,210,8,1
868,868,10,435,8,0
869,869,7,476,5,1
870,870,14,411,8,1
871,871,3,422,7,1
872,872,9,456,15,0
873,873,1,127,20,0
874,874,7,335,11,0
875,875,9,386,10,1
876,876,16,162,8,1
877,877,8,227,17,0
878,878,14,337,15,1
879,879,15,223,6,1
880,880,19,326,5,0
881,881,11,151,10,1
882,882,12,102,17,1
883,883,10,466,17,1
884,884,3,359,9,0
885,885,10,101,13,1
886,886,3,309,12,1
887,887,13,278,16,1
888,888,11,92,9,1
889,889,19,477,9,0
890,890,20,210,12,1
891,891,17,437,5,0
892,892,15,264,17,0
893,893,10,134,9,1
894,894,12,486,9,0
895,895,14,152,8,1
896,896,20,57,11,1
897,897,10,128,8,0
898,898,19,392,20,0
899,899,7,76,9,1
900,900,11,231,14,1
901,901,6,453,13,0
902,902,6,336,11,1
903,903,1,218,8,1
904,904,20,406,13,1
905,905,16,64,9,0
906,906,4,486,11,0
907,907,6,392,6,0
908,908,9,259,10,0
909,909,12,96,10,0
910,910,1,207,11,0
911,911,10,152,10,1
912,912,9,475,10,0
913,913,19,332,13,0
914,914,15,289,15,1
915,915,2,221,15,0
916,916,6,405,18,1
917,917,12,105,18,1
918,918,19,116,15,0
919,919,12,204,14,0
920,920,14,101,20,1
921,921,13,445,15,1
922,922,18,235,15,0
923,923,8,223,17,0
924,924,10,399,8,1
925,925,4,246,19,0
926,926,13,307,16,1
927,927,4,222,13,0
928,928,15,401,16,1
929,929,10,216,14,0
930,930,2,124,20,1
931,931,20,361,8,1
932,932,10,430,7,1
933,933,9,190,10,1
934,934,6,386,9,1
935,935,11,363,14,1
936,936,11,471,19,0
937,937,7,486,7,1
938,938,17,369,10,1
939,939,10,485,8,0
940,940,4,230,11,1
941,941,4,303,19,1
942,942,13,246,18,1
943,943,1,362,12,0
944,944,12,420,12,0
945,945,11,400,19,0
946,946,4,399,18,1
947,947,9,473,6,1
948,948,12,435,8,0
949,949,11,405,7,1
950,950,11,354,6,0
951,951,1,131,14,1
952,952,5,64,11,1
953,953,9,210,16,1
954,954,17,208,11,0
955,955,4,166,11,1
956,956,4,340,12,0
957,957,8,96,11,0
958,958,2,213,7,0
959,959,3,203,5,1
960,960,7,140,15,1
961,961,9,107,10,1
962,962,16,225,10,0
963,963,10,362,11,0
964,964,13,453,18,1
965,965,10,280,14,1
966,966,13,153,11,1
967,967,11,88,12,0
968,968,19,360,17,0
969,969,11,216,18,0
970,970,19,468,14,0
971,971,11,285,16,1
972,972,9,462,20,0
973,973,1,220,7,0
974,974,18,270,13,1
975,975,11,344,14,0
976,976,8,384,11,1
977,977,7,228,7,1
978,978,7,63,9,1
979,979,15,155,17,0
980,980,19,233,15,1
981,981,17,244,18,1
982,982,10,464,17,1
983,983,11,129,9,1
984,984,7,315,9,0
985,985,1,214,5,0
986,986,2,318,10,0
987,987,8,275,9,0
988,988,9,433,11,0
989,989,5,103,12,0
990,990,10,266,16,0
991,991,2,253,15,0
992,992,7,110,13,1
993,993,11,82,16,1
994,994,4,207,19,1
995,995,13,231,9,0
996,996,17,489,12,0
997,997,2,119,14,0
998,998,18,296,10,0
999,999,14,255,8,0
1000,1000,9,445,20,0
1001,1001,18,245,13,0
1002,1002,6,358,16,0
1003,1003,14,478,13,1
1004,1004,16,299,17,1
1005,1005,19,394,18,1
1006,1006,15,142,5,1
1007,1007,1,191,19,0
1008,1008,9,435,16,0
1009,1009,12,210,20,0
1010,1010,16,107,11,1
1011,1011,6,416,15,1
1012,1012,4,175,9,1
1013,1013,8,60,20,1
1014,1014,19,248,13,1
1015,1015,12,176,9,0
1016,1016,4,344,6,1
1017,1017,14,494,9,0
1018,1018,9,441,9,1
1019,1019,10,398,15,0
1020,1020,19,425,11,0
1021,1021,16,400,17,1
1022,1022,5,500,13,1
1023,1023,13,181,5,0
1024,1024,4,64,16,0
1025,1025,20,357,16,0
1026,1026,17,105,16,0
1027,1027,7,392,7,1
1028,1028,8,412,8,0
1029,1029,19,440,11,1
1030,1030,13,362,17,1
1031,1031,2,428,6,0
1032,1032,7,398,6,0
1033,1033,8,363,5,0
1034,1034,4,478,17,0
1035,1035,8,55,18,1
1036,1036,16,403,12,0
1037,1037,16,405,17,1
1038,1038,9,315,6,1
1039,1039,8,365,16,1
1040,1040,2,490,13,0
1041,1041,2,371,11,1
1042,1042,3,400,7,1
1043,1043,6,53,17,0
1044,1044,4,342,17,1
1045,1045,8,282,16,0
1046,1046,6,123,6,1
1047,1047,8,285,19,1
1048,1048,11,147,11,1
1049,1049,12,383,19,1
1050,1050,7,62,11,1
1051,1051,19,175,9,1
1052,1052,17,491,6,1
1053,1053,7,348,19,1
1054,1054,10,322,18,0
1055,1055,8,244,20,0
1056,1056,12,239,7,0
1057,1057,13,455,7,1
1058,1058,19,300,15,0
1059,1059,10,284,7,1
1060,1060,1,68,13,1
1061,1061,14,300,14,1
1062,1062,3,88,10,1
1063,1063,8,129,19,1
1064,1064,2,51,18,0
1065,1065,3,303,10,1
1066,1066,19,184,9,0
1067,1067,7,309,14,0
1068,1068,8,82,20,1
1069,1069,3,360,7,1
1070,1070,16,137,6,1
1071,1071,11,264,5,0
1072,1072,5,144,11,0
1073,1073,5,474,13,0
1074,1074,16,84,15,1
1075,1075,17,223,14,1
1076,1076,17,292,7,0
1077,1077,8,224,15,0
1078,1078,19,311,8,1
1079,1079,3,455,13,0
1080,1080,8,451,13,1
1081,1081,18,318,14,0
1082,1082,1,379,18,0
1083,1083,15,190,19,1
1084,1084,15,494,15,1
1085,1085,13,217,6,1
1086,1086,2,127,8,0
1087,1087,12,81,18,1
1088,1088,7,399,5,0
1089,1089,2,437,17,0
1090,1090,14,348,20,0
1091,1091,19,368,14,1
1092,1092,6,383,14,1
1093,1093,17,497,11,0
1094,1094,7,161,5,1
1095,1095,11,358,10,1
1096,1096,10,488,5,1
1097,1097,13,266,16,0
1098,1098,1,111,5,1
1099,1099,3,295,7,0
1100,1100,13,345,6,0
1101,1101,16,464,5,0
1102,1102,16,328,10,1
1103,1103,18,240,19,1
1104,1104,16,233,19,1
1105,1105,17,467,11,1
1106,1106,17,390,10,0
1107,1107,11,229,18,0
1108,1108,15,86,14,0
1109,1109,18,156,10,0
1110,1110,4,241,11,1
1111,1111,16,65,13,1
1112,1112,14,438,7,1
1113,1113,3,290,6,1
1114,1114,15,449,5,1
1115,1115,15,301,10,1
1116,1116,10,296,20,0
1117,1117,6,482,20,0
1118,1118,4,270,5,1
1119,1119,2,499,16,1
1120,1120,5,278,16,1
1121,1121,6,118,17,0
1122,1122,1,174,20,0
1123,1123,16,115,9,0
1124,1124,19,258,6,1
1125,1125,1,295,18,0
1126,1126,10,410,9,0
1127,1127,9,311,20,1
1128,1128,3,187,13,1
1129,1129,8,260,13,1
1130,1130,7,333,15,0
1131,1131,6,464,20,1
1132,1132,9,179,8,1
1133,1133,7,76,18,1
1134,1134,13,483,7,1
1135,1135,9,80,5,0
1136,1136,9,480,12,0
1137,1137,11,342,13,1
1138,1138,14,51,12,1
1139,1139,13,276,9,1
1140,1140,9,309,17,1
1141,1141,3,257,13,0
1142,1142,20,459,5,1
1143,1143,1,228,12,1
1144,1144,6,236,6,0
1145,1145,3,200,9,1
1146,1146,14,343,10,1
1147,1147,8,323,8,1
1148,1148,5,466,5,0
1149,1149,2,286,12,1
1150,1150,8,320,20,1
1151,1151,17,114,6,0
1152,1152,10,299,11,0
1153,1153,5,166,19,1
1154,1154,15,377,8,1
1155,1155,15,84,16,1
1156,1156,6,372,16,0
1157,1157,20,349,8,1
1158,1158,2,375,13,0
1159,1159,20,118,11,1
1160,1160,14,422,20,0
1161,1161,16,345,15,1
1162,1162,19,189,15,1
1163,1163,2,287,9,0
1164,1164,13,389,7,1
1165,1165,14,170,20,1
1166,1166,13,356,15,1
1167,1167,3,381,9,0
1168,1168,2,208,15,0
1169,1169,2,353,14,0
1170,1170,15,402,14,0
1171,1171,6,411,17,1
1172,1172,11,80,8,0
1173,1173,5,417,20,1
1174,1174,18,250,11,1
1175,1175,9,280,9,1
1176,1176,19,498,15,0
1177,1177,17,444,5,1
1178,1178,11,398,13,1
1179,1179,2,258,7,1
1180,1180,19,486,6,0
1181,1181,1,270,6,0
1182,1182,14,332,14,0
1183,1183,11,295,5,0
1184,1184,9,423,10,1
1185,1185,18,448,13,0
1186,1186,4,453,7,1
1187,1187,18,132,11,1
1188,1188,13,376,20,0
1189,1189,18,146,5,1
1190,1190,11,316,8,0
1191,1191,18,324,18,1
1192,1192,10,485,18,0
1193,1193,10,414,7,0
1194,1194,4,168,6,1
1195,1195,3,499,18,0
1196,1196,2,464,16,1
1197,1197,19,408,8,0
1198,1198,5,447,11,1
1199,1199,7,352,18,1
1200,1200,4,147,13,0
1201,1201,4,424,7,1
1202,1202,4,261,8,1
1203,1203,5,398,13,1
1204,1204,7,75,13,0
1205,1205,2,122,14,1
1206,1206,16,280,11,1
1207,1207,6,246,12,0
1208,1208,12,60,7,0
1209,1209,8,217,18,1
1210,1210,6,371,17,1
1211,1211,20,322,15,1
1212,1212,1,289,18,0
1213,1213,15,181,5,1
1214,1214,19,455,12,0
1215,1215,18,307,12,1
1216,1216,12,60,13,0
1217,1217,2,81,19,0
1218,1218,7,243,5,0
1219,1219,6,262,8,1
1220,1220,9,138,19,1
1221,1221,7,96,8,0
1222,1222,18,459,9,0
1223,1223,18,220,9,0
1224,1224,7,86,18,0
1225,1225,9,92,15,0
1226,1226,7,433,5,0
1227,1227,4,357,20,1
1228,1228,5,309,18,1
1229,1229,2,420,13,0
1230,1230,4,388,6,1
1231,1231,13,156,12,1
1232,1232,1,493,17,1
1233,1233,1,314,11,1
1234,1234,3,254,14,0
1235,1235,6,208,13,0
1236,1236,10,256,12,1
1237,1237,6,207,18,1
1238,1238,17,306,10,1
1239,1239,15,79,14,0
1240,1240,12,163,9,0
1241,1241,20,173,7,0
1242,1242,13,92,20,1
1243,1243,17,104,15,1
1244,1244,20,304,13,1
1245,1245,1,89,14,0
1246,1246,19,294,15,0
1247,1247,6,190,15,1
1248,1248,9,474,16,0
1249,1249,13,115,18,0
1250,1250,17,128,19,0
1251,1251,4,331,10,1
1252,1252,16,109,12,1
1253,1253,7,158,12,1
1254,1254,12,412,7,1
1255,1255,1,463,17,1
1256,1256,10,339,8,1
1257,1257,19,449,9,1
1258,1258,2,284,18,0
1259,1259,7,316,9,0
1260,1260,14,257,16,0
1261,1261,3,474,11,0
1262,1262,5,254,9,0
1263,1263,2,272,17,1
1264,1264,13,471,5,0
1265,1265,2,77,19,1
1266,1266,7,238,12,1
1267,1267,15,256,18,0
1268,1268,18,408,7,1
1269,1269,18,117,15,1
1270,1270,13,397,8,0
1271,1271,4,303,16,1
1272,1272,15,492,15,0
1273,1273,17,154,13,0
1274,1274,4,57,10,0
1275,1275,6,224,20,1
1276,1276,18,223,12,1
1277,1277,19,256,20,0
1278,1278,1,142,12,1
1279,1279,3,185,17,0
1280,1280,6,323,13,0
1281,1281,18,404,12,1
1282,1282,5,195,16,1
1283,1283,15,294,11,0
1284,1284,9,322,20,1
1285,1285,14,150,20,0
1286,1286,1,65,16,1
1287,1287,11,327,10,1
1288,1288,6,200,10,0
1289,1289,19,134,13,0
1290,1290,11,256,12,0
1291,1291,12,63,20,1
1292,1292,1,206,8,0
1293,1293,16,187,6,0
1294,1294,10,104,11,0
1295,1295,14,367,13,0
1296,1296,2,318,20,0
1297,1297,9,120,15,1
1298,1298,19,120,20,1
1299,1299,9,197,10,0
1300,1300,3,129,14,1
1301,1301,8,52,15,1
1302,1302,7,195,17,1
1303,1303,8,126,5,0
1304,1304,6,328,8,0
1305,1305,7,80,17,0
1306,1306,14,322,10,1
1307,1307,3,183,16,1
1308,1308,5,429,19,1
1309,1309,13,284,11,0
1310,1310,7,340,11,1
1311,1311,14,216,16,0
1312,1312,10,302,12,0
1313,1313,1,421,8,0
1314,1314,15,219,12,1
1315,1315,7,465,8,0
1316,1316,2,360,19,1
1317,1317,12,153,5,1
1318,1318,3,496,7,0
1319,1319,6,191,11,0
1320,1320,14,74,9,0
1321,1321,4,360,7,0
1322,1322,4,420,15,1
1323,1323,7,324,5,0
1324,1324,10,61,17,0
1325,1325,11,149,16,1
1326,1326,1,110,9,1
1327,1327,18,88,9,0
1328,1328,14,192,6,0
1329,1329,3,490,14,0
1330,1330,6,58,16,1
1331,1331,15,448,16,1
1332,1332,8,106,6,0
1333,1333,2,254,13,0
1334,1334,17,125,5,0
1335,1335,15,77,19,0
1336,1336,10,410,11,0
1337,1337,6,304,5,0
1338,1338,11,251,18,0
1339,1339,3,256,18,1
1340,1340,19,113,13,0
1341,1341,9,211,12,0
1342,1342,9,320,20,0
1343,1343,19,245,8,0
1344,1344,2,273,10,0
1345,1345,4,484,9,0
1346,1346,17,390,5,1
1347,1347,8,478,14,0
1348,1348,9,427,12,1
1349,1349,18,213,20,0
1350,1350,19,305,13,0
1351,1351,5,351,16,0
1352,1352,19,177,10,1
1353,1353,18,458,17,0
1354,1354,20,363,18,0
1355,1355,10,122,10,1
1356,1356,9,254,12,0
1357,1357,13,369,7,0
1358,1358,4,159,20,1
1359,1359,8,61,10,1
1360,1360,5,496,11,1
1361,1361,14,408,13,0
1362,1362,18,484,8,0
1363,1363,13,252,19,1
1364,1364,3,364,9,0
1365,1365,12,90,18,0
1366,1366,18,114,8,1
1367,1367,2,321,13,0
1368,1368,13,217,18,1
1369,1369,11,450,14,1
1370,1370,20,451,9,0
1371,1371,10,54,18,0
1372,1372,5,118,15,0
1373,1373,3,323,17,0
1374,1374,4,138,16,1
1375,1375,5,423,8,0
1376,1376,9,423,17,0
1377,1377,6,335,12,1
1378,1378,2,289,15,0
1379,1379,5,425,7,1
1380,1380,8,494,17,0
1381,1381,1,415,11,0
1382,1382,11,68,8,0
1383,1383,17,393,16,1
1384,1384,18,451,8,0
1385,1385,20,247,18,0
1386,1386,16,179,17,0
1387,1387,20,475,12,1
1388,1388,8,468,10,0
1389,1389,2,144,12,0
1390,1390,17,480,20,1
1391,1391,3,170,14,1
1392,1392,19,208,18,1
1393,1393,7,218,17,1
1394,1394,2,56,17,1
1395,1395,3,364,13,1
1396,1396,1,122,17,1
1397,1397,15,399,20,0
1398,1398,19,404,12,0
1399,1399,14,204,7,0
1400,1400,15,198,7,0
1401,1401,20,361,17,0
1402,1402,6,465,13,1
1403,1403,18,114,5,0
1404,1404,1,225,18,1
1405,1405,7,217,13,0
1406,1406,17,119,18,0
1407,1407,1,344,16,0
1408,1408,3,166,19,0
1409,1409,2,181,7,1
1410,1410,8,343,11,1
1411,1411,9,313,9,1
1412,1412,3,446,17,0
1413,1413,10,265,6,1
1414,1414,2,203,11,1
1415,1415,13,77,19,1
1416,1416,13,131,11,0
1417,1417,18,391,8,0
1418,1418,15,277,17,0
1419,1419,1,50,7,0
1420,1420,19,106,15,0
1421,1421,19,477,20,0
1422,1422,5,434,7,0
1423,1423,20,228,9,0
1424,1424,17,98,12,1
1425,1425,12,86,6,0
1426,1426,19,248,19,1
1427,1427,8,341,14,1
1428,1428,1,161,10,1
1429,1429,7,285,13,0
1430,1430,19,57,6,0
1431,1431,12,174,5,0
1432,1432,13,436,19,1
1433,1433,19,264,10,0
1434,1434,12,355,9,0
1435,1435,12,136,8,0
1436,1436,4,272,8,0
1437,1437,12,135,8,1
1438,1438,11,310,20,0
1439,1439,2,77,10,0
1440,1440,8,192,11,0
1441,1441,12,426,5,0
1442,1442,2,485,9,0
1443,1443,7,179,17,0
1444,1444,12,99,12,0
1445,1445,6,70,10,0
1446,1446,8,91,11,0
1447,1447,17,246,12,1
1448,1448,17,385,6,1
1449,1449,10,204,17,0
1450,1450,6,160,18,0
1451,1451,11,302,8,1
1452,1452,10,223,12,0
1453,1453,12,153,6,0
1454,1454,12,448,17,1
1455,1455,13,239,20,1
1456,1456,20,140,15,1
1457,1457,1,439,17,0
1458,1458,13,495,13,0
1459,1459,19,185,11,0
1460,1460,10,444,19,0
1461,1461,1,90,16,1
1462,1462,11,458,19,1
1463,1463,16,62,18,1
1464,1464,15,149,19,0
1465,1465,2,216,6,0
1466,1466,6,483,11,0
1467,1467,10,67,11,0
1468,1468,12,145,20,0
1469,1469,12,377,19,0
1470,1470,20,116,12,1
1471,1471,12,145,17,1
1472,1472,7,101,16,0
1473,1473,16,152,15,1
1474,1474,7,436,14,1
1475,1475,19,470,15,0
1476,1476,13,189,17,1
1477,1477,1,387,7,0
1478,1478,2,247,7,1
1479,1479,12,269,13,0
1480,1480,11,242,11,1
1481,1481,12,272,10,0
1482,1482,16,342,12,1
1483,1483,19,134,18,1
1484,1484,20,406,20,1
1485,1485,7,218,14,0
1486,1486,19,111,7,1
1487,1487,13,75,5,0
1488,1488,13,279,19,1
1489,1489,13,258,12,1
1490,1490,16,287,19,0
1491,1491,12,353,19,0
1492,1492,4,170,7,1
1493,1493,18,272,12,1
1494,1494,8,358,12,0
1495,1495,15,438,10,0
1496,1496,11,468,13,0
1497,1497,1,439,6,1
1498,1498,12,117,9,0
1499,1499,10,164,6,0
1500,1500,4,411,17,0
1501,1501,16,332,14,0
1502,1502,13,201,10,0
1503,1503,5,258,11,0
1504,1504,15,455,15,0
1505,1505,2,184,11,0
1506,1506,2,362,13,1
1507,1507,15,54,9,0
1508,1508,19,179,18,1
1509,1509,4,447,20,1
1510,1510,2,168,13,1
1511,1511,7,459,5,0
1512,1512,6,261,13,1
1513,1513,16,247,16,0
1514,1514,16,356,6,1
1515,1515,10,146,19,0
1516,1516,3,227,18,0
1517,1517,16,350,13,1
1518,1518,4,177,12,1
1519,1519,12,214,13,1
1520,1520,1,206,20,1
1521,1521,1,442,15,0
1522,1522,20,429,15,1
1523,1523,15,58,18,0
1524,1524,3,196,8,0
1525,1525,2,392,9,1
1526,1526,10,182,5,1
1527,1527,4,82,7,0
1528,1528,3,495,18,1
1529,1529,1,206,9,0
1530,1530,19,217,17,1
1531,1531,10,387,10,0
1532,1532,5,73,14,0
1533,1533,4,128,18,1
1534,1534,17,259,5,0
1535,1535,12,51,15,0
1536,1536,8,137,6,0
1537,1537,14,496,17,0
1538,1538,3,282,8,0
1539,1539,4,417,9,0
1540,1540,15,302,17,0
1541,1541,12,176,7,0
1542,1542,14,379,12,1
1543,1543,6,406,17,1
1544,1544,19,353,10,1
1545,1545,9,491,5,1
1546,1546,5,252,20,0
1547,1547,15,88,11,1
1548,1548,8,324,8,1
1549,1549,1,313,17,0
1550,1550,2,333,6,0
1551,1551,9,218,20,1
1552,1552,16,278,16,0
1553,1553,2,495,16,0
1554,1554,10,341,6,1
1555,1555,17,268,16,0
1556,1556,10,225,18,1
1557,1557,2,273,20,0
1558,1558,6,381,14,1
1559,1559,10,164,18,1
1560,1560,18,423,16,0
1561,1561,20,96,7,1
1562,1562,15,334,15,1
1563,1563,19,109,15,1
1564,1564,15,356,7,1
1565,1565,9,497,14,0
1566,1566,19,168,20,0
1567,1567,17,316,10,1
1568,1568,17,293,11,0
1569,1569,6,259,15,0
1570,1570,16,401,20,0
1571,1571,16,208,12,0
1572,1572,20,350,5,0
1573,1573,20,476,15,0
1574,1574,18,200,17,1
1575,1575,20,471,20,1
1576,1576,17,431,19,0
1577,1577,18,203,13,1
1578,1578,14,421,11,0
1579,1579,11,190,15,0
1580,1580,19,125,18,1
1581,1581,3,433,5,1
1582,1582,13,489,9,1
1583,1583,11,217,8,0
1584,1584,2,406,20,0
1585,1585,15,157,16,0
1586,1586,11,176,7,1
1587,1587,19,176,17,0
1588,1588,16,259,5,1
1589,1589,17,103,19,1
1590,1590,10,336,5,0
1591,1591,9,184,13,1
1592,1592,19,264,20,1
1593,1593,20,282,13,1
1594,1594,8,60,18,0
1595,1595,2,155,20,1
1596,1596,8,169,5,0
1597,1597,17,228,13,0
1598,1598,6,118,5,1
1599,1599,2,240,12,0
1600,1600,20,64,20,0
1601,1601,14,144,14,0
1602,1602,7,206,17,1
1603,1603,7,384,10,0
1604,1604,20,234,11,1
1605,1605,15,220,5,0
1606,1606,15,154,17,0
1607,1607,13,446,13,1
1608,1608,19,258,6,0
1609,1609,5,225,10,0
1610,1610,1,61,11,0
1611,1611,12,288,14,0
1612,1612,12,344,8,1
1613,1613,18,269,18,0
1614,1614,2,274,7,0
1615,1615,20,342,11,1
1616,1616,8,130,8,0
1617,1617,14,430,20,0
1618,1618,1,242,12,1
1619,1619,19,110,17,0
1620,1620,13,429,19,0
1621,1621,11,70,6,0
1622,1622,8,93,15,0
1623,1623,11,183,5,0
1624,1624,8,360,13,1
1625,1625,15,419,5,0
1626,1626,5,250,9,0
1627,1627,16,260,14,0
1628,1628,1,332,15,0
1629,1629,3,493,17,0
1630,1630,20,93,9,0
1631,1631,1,95,9,0
1632,1632,12,436,13,1
1633,1633,10,246,5,0
1634,1634,1,182,12,1
1635,1635,14,143,17,1
1636,1636,14,368,19,1
1637,1637,20,377,11,1
1638,1638,4,210,13,0
1639,1639,14,454,18,1
1640,1640,9,469,7,0
1641,1641,20,51,18,0
1642,1642,19,324,5,1
1643,1643,12,150,13,0
1644,1644,4,304,9,0
1645,1645,7,368,6,0
1646,1646,1,432,8,1
1647,1647,4,182,8,1
1648,1648,12,321,10,0
1649,1649,18,439,6,0
1650,1650,4,153,17,1
1651,1651,18,492,8,0
1652,1652,1,383,13,1
1653,1653,13,392,17,1
1654,1654,16,110,12,1
1655,1655,2,295,5,0
1656,1656,17,493,12,0
1657,1657,17,357,7,0
1658,1658,5,248,14,1
1659,1659,20,469,8,1
1660,1660,5,214,8,0
1661,1661,11,224,16,1
1662,1662,2,201,14,1
1663,1663,15,285,11,0
1664,1664,13,299,15,1
1665,1665,6,393,10,1
1666,1666,6,334,14,0
1667,1667,9,84,11,1
1668,1668,13,270,20,0
1669,1669,1,449,16,0
1670,1670,1,217,19,1
1671,1671,7,287,20,1
1672,1672,14,157,17,0
1673,1673,6,477,19,1
1674,1674,4,328,16,0
1675,1675,13,54,11,0
1676,1676,14,474,7,0
1677,1677,3,448,6,1
1678,1678,19,242,12,0
1679,1679,9,429,17,1
1680,1680,12,408,10,1
1681,1681,6,468,18,0
1682,1682,14,379,14,1
1683,1683,9,272,14,0
1684,1684,12,102,10,0
1685,1685,12,67,12,0
1686,1686,8,128,16,1
1687,1687,20,347,14,0
1688,1688,6,465,5,1
1689,1689,9,210,9,0
1690,1690,16,192,10,0
1691,1691,20,350,9,0
1692,1692,8,487,13,1
1693,1693,17,367,18,0
1694,1694,1,81,11,0
1695,1695,8,445,9,0
1696,1696,2,359,9,1
1697,1697,3,455,8,0
1698,1698,16,156,12,0
1699,1699,12,79,15,1
1700,1700,6,428,13,1
1701,1701,19,91,17,0
1702,1702,12,278,10,1
1703,1703,6,197,10,0
1704,1704,14,50,13,1
1705,1705,14,168,7,0
1706,1706,8,97,7,0
1707,1707,2,214,17,1
1708,1708,14,319,16,0
1709,1709,8,387,9,0
1710,1710,14,120,11,0
1711,1711,10,317,16,1
1712,1712,7,217,15,0
1713,1713,16,196,12,1
1714,1714,3,306,17,1
1715,1715,6,264,6,1
1716,1716,17,497,15,1
1717,1717,6,58,6,0
1718,1718,9,200,12,1
1719,1719,15,499,18,1
1720,1720,13,315,16,0
1721,1721,16,407,19,1
1722,1722,12,277,13,1
1723,1723,13,455,8,0
1724,1724,14,310,18,1
1725,1725,20,398,10,1
1726,1726,11,405,19,0
1727,1727,14,250,11,0
1728,1728,6,91,10,1
1729,1729,14,53,18,1
1730,1730,19,444,12,1
1731,1731,20,244,10,0
1732,1732,7,312,13,0
1733,1733,3,242,13,0
1734,1734,17,386,9,0
1735,1735,15,202,6,1
1736,1736,17,320,10,1
1737,1737,10,387,15,0
1738,1738,3,247,8,0
1739,1739,5,283,6,0
1740,1740,9,144,13,1
1741,1741,6,160,18,0
1742,1742,15,257,6,0
1743,1743,1,71,16,1
1744,1744,9,58,12,1
1745,1745,5,191,17,1
1746,1746,8,87,9,1
1747,1747,6,260,9,0
1748,1748,3,357,9,0
1749,1749,16,56,14,0
1750,1750,6,320,11,0
1751,1751,1,407,19,1
1752,1752,3,110,5,0
1753,1753,18,202,10,0
1754,1754,20,65,20,1
1755,1755,20,117,5,0
1756,1756,8,342,15,1
1757,1757,10,133,15,0
1758,1758,16,303,11,0
1759,1759,2,476,7,0
1760,1760,15,196,5,1
1761,1761,15,478,20,1
1762,1762,3,386,10,1
1763,1763,13,226,16,0
1764,1764,9,381,20,1
1765,1765,1,191,5,0
1766,1766,18,70,12,1
1767,1767,1,130,15,0
1768,1768,14,78,11,1
1769,1769,17,136,6,0
1770,1770,10,101,8,1
1771,1771,18,107,17,0
1772,1772,6,293,20,1
1773,1773,10,434,7,1
1774,1774,20,461,17,1
1775,1775,8,87,14,0
1776,1776,18,466,6,1
1777,1777,13,378,7,1
1778,1778,18,134,6,0
1779,1779,5,341,19,1
1780,1780,6,228,20,1
1781,1781,19,218,12,0
1782,1782,18,440,15,1
1783,1783,20,408,18,1
1784,1784,4,201,19,0
1785,1785,5,241,11,0
1786,1786,3,275,6,1
1787,1787,10,78,17,1
1788,1788,11,426,7,1
1789,1789,13,149,15,1
1790,1790,18,174,20,1
1791,1791,8,271,20,0
1792,1792,20,70,10,0
1793,1793,13,171,10,0
1794,1794,2,50,7,1
1795,1795,17,359,9,0
1796,1796,3,215,18,0
1797,1797,4,129,10,1
1798,1798,15,408,6,1
1799,1799,16,243,6,1
1800,1800,17,455,14,0
1801,1801,1,265,9,1
1802,1802,1,457,13,1
1803,1803,15,161,20,1
1804,1804,17,409,11,0
1805,1805,7,116,8,0
1806,1806,11,408,7,0
1807,1807,6,138,10,1
1808,1808,17,280,20,0
1809,1809,10,407,13,1
1810,1810,19,401,19,1
1811,1811,18,75,6,0
1812,1812,13,280,18,1
1813,1813,17,180,20,1
1814,1814,2,79,16,0
1815,1815,9,444,20,1
1816,1816,7,494,6,0
1817,1817,14,379,18,0
1818,1818,11,432,7,0
1819,1819,1,494,20,0
1820,1820,18,202,15,0
1821,1821,13,377,12,1
1822,1822,18,178,13,0
1823,1823,12,482,14,0
1824,1824,19,285,16,1
1825,1825,3,306,9,1
1826,1826,9,65,16,1
1827,1827,14,51,17,1
1828,1828,3,245,16,1
1829,1829,18,123,12,1
1830,1830,17,78,6,1
1831,1831,18,410,13,0
1832,1832,11,286,7,1
1833,1833,20,473,11,1
1834,1834,17,353,17,0
1835,1835,20,381,17,0
1836,1836,16,117,12,1
1837,1837,5,361,19,0
1838,1838,2,492,12,0
1839,1839,15,500,11,0
1840,1840,2,318,20,0
1841,1841,9,209,7,1
1842,1842,4,277,8,1
1843,1843,3,497,9,0
1844,1844,12,469,18,1
1845,1845,14,388,11,0
1846,1846,12,310,17,0
1847,1847,3,139,14,0
1848,1848,3,458,17,0
1849,1849,10,226,16,1
1850,1850,9,132,10,0
1851,1851,18,247,6,1
1852,1852,15,197,12,0
1853,1853,12,146,18,1
1854,1854,20,210,17,0
1855,1855,5,421,19,1
1856,1856,12,375,14,1
1857,1857,10,485,17,1
1858,1858,13,161,7,1
1859,1859,11,465,7,1
1860,1860,18,156,13,1
1861,1861,16,436,12,0
1862,1862,9,97,8,1
1863,1863,15,348,15,1
1864,1864,14,80,8,1
1865,1865,7,296,18,0
1866,1866,18,213,18,1
1867,1867,2,86,16,1
1868,1868,7,307,18,1
1869,1869,11,256,18,1
1870,1870,3,177,11,0
1871,1871,9,140,6,1
1872,1872,1,157,12,0
1873,1873,6,425,13,1
1874,1874,11,362,19,1
1875,1875,19,423,16,0
1876,1876,16,257,7,1
1877,1877,12,496,6,1
1878,1878,9,499,19,1
1879,1879,11,500,15,0
1880,1880,13,378,19,1
1881,1881,18,218,18,0
1882,1882,13,435,7,1
1883,1883,17,95,5,0
1884,1884,16,190,18,1
1885,1885,13,253,11,1
1886,1886,11,155,11,0
1887,1887,19,90,8,0
1888,1888,10,331,12,0
1889,1889,4,108,17,0
1890,1890,2,390,18,1
1891,1891,18,81,7,1
1892,1892,2,346,7,0
1893,1893,6,66,7,0
1894,1894,4,157,15,0
1895,1895,16,215,20,0
1896,1896,7,392,5,0
1897,1897,4,88,11,1
1898,1898,16,453,7,0
1899,1899,4,110,16,1
1900,1900,8,271,10,1
1901,1901,9,88,5,0
1902,1902,3,233,18,1
1903,1903,20,228,17,0
1904,1904,10,118,16,1
1905,1905,13,106,12,0
1906,1906,14,376,18,1
1907,1907,4,148,8,0
1908,1908,5,195,5,1
1909,1909,17,69,13,1
1910,1910,4,213,19,0
1911,1911,19,70,19,0
1912,1912,1,174,14,0
1913,1913,4,425,9,0
1914,1914,17,378,5,0
1915,1915,4,470,17,0
1916,1916,11,145,5,1
1917,1917,2,84,6,1
1918,1918,8,212,9,1
1919,1919,14,60,13,0
1920,1920,20,446,20,0
1921,1921,10,312,5,0
1922,1922,5,105,15,1
1923,1923,19,192,10,1
1924,1924,7,163,7,1
1925,1925,8,403,7,1
1926,1926,10,327,10,0
1927,1927,19,114,16,0
1928,1928,19,73,18,0
1929,1929,8,299,7,0
1930,1930,1,242,13,1
1931,1931,12,196,16,0
1932,1932,3,198,19,1
1933,1933,4,281,20,1
1934,1934,11,63,10,0
1935,1935,2,395,8,1
1936,1936,15,175,9,0
1937,1937,4,314,14,1
1938,1938,3,432,12,1
1939,1939,18,226,17,1
1940,1940,18,261,15,0
1941,1941,5,133,18,1
1942,1942,15,226,12,0
1943,1943,13,311,14,1
1944,1944,19,211,5,1
1945,1945,11,434,19,1
1946,1946,8,181,13,0
1947,1947,4,199,20,1
1948,1948,16,76,19,0
1949,1949,20,277,9,0
1950,1950,13,372,12,0
1951,1951,4,114,17,1
1952,1952,14,428,7,0
1953,1953,9,340,6,0
1954,1954,20,89,8,1
1955,1955,16,376,7,0
1956,1956,8,159,15,0
1957,1957,7,369,5,0
1958,1958,13,361,6,0
1959,1959,13,314,17,1
1960,1960,19,131,18,0
1961,1961,11,379,7,1
1962,1962,5,353,10,1
1963,1963,5,219,13,1
1964,1964,20,472,19,0
1965,1965,19,81,10,1
1966,1966,10,324,20,0
1967,1967,8,111,14,0
1968,1968,16,92,9,0
1969,1969,9,228,20,1
1970,1970,14,256,19,1
1971,1971,20,58,16,0
1972,1972,13,115,7,0
1973,1973,1,440,8,1
1974,1974,4,474,9,1
1975,1975,2,356,19,0
1976,1976,17,342,17,1
1977,1977,8,498,11,0
1978,1978,14,220,13,0
1979,1979,10,94,14,1
1980,1980,19,383,11,0
1981,1981,14,419,6,0
1982,1982,15,379,12,1
1983,1983,18,411,12,1
1984,1984,8,121,9,1
1985,1985,10,68,16,0
1986,1986,14,335,8,1
1987,1987,20,257,20,1
1988,1988,17,271,16,0
1989,1989,13,271,18,1
1990,1990,7,378,5,1
1991,1991,8,127,18,1
1992,1992,1,87,14,0
1993,1993,11,460,7,1
1994,1994,10,417,10,1
1995,1995,6,169,5,0
1996,1996,4,302,13,0
1997,1997,20,157,8,0
1998,1998,1,413,18,0
1999,1999,15,97,13,1
2000,2000,12,453,11,1
2001,2001,8,331,18,1
2002,2002,9,269,10,1
2003,2003,13,318,20,0
2004,2004,14,355,15,0
2005,2005,10,255,19,0
2006,2006,7,278,12,1
2007,2007,9,120,15,1
2008,2008,5,209,11,1
2009,2009,15,146,7,0
2010,2010,12,468,13,0
2011,2011,6,320,11,1
2012,2012,3,90,20,1
2013,2013,8,328,8,1
2014,2014,15,266,10,1
2015,2015,14,57,6,1
2016,2016,14,80,14,1
2017,2017,20,138,11,1
2018,2018,17,79,9,1
2019,2019,12,180,9,1
2020,2020,13,62,14,1
2021,2021,7,69,10,1
2022,2022,4,359,9,1
2023,2023,7,424,20,0
2024,2024,19,285,18,1
2025,2025,5,429,7,1
2026,2026,9,430,12,1
2027,2027,10,281,17,0
2028,2028,9,202,7,0
2029,2029,17,86,6,1
2030,2030,9,100,12,0
2031,2031,2,420,18,0
2032,2032,18,288,14,1
2033,2033,2,101,6,1
2034,2034,14,160,19,0
2035,2035,19,360,20,0
2036,2036,13,278,8,1
2037,2037,19,328,12,0
2038,2038,7,471,6,0
2039,2039,10,303,18,0
2040,2040,4,393,8,1
2041,2041,8,63,13,1
2042,2042,19,192,12,1
2043,2043,8,108,10,1
2044,2044,20,401,9,0
2045,2045,6,324,8,1
2046,2046,16,195,19,0
2047,2047,4,232,8,0
2048,2048,16,136,19,1
2049,2049,14,337,7,0
2050,2050,19,379,5,1
2051,2051,12,460,12,0
2052,2052,11,394,10,1
2053,2053,11,485,13,0
2054,2054,11,500,7,1
2055,2055,4,327,17,0
2056,2056,4,447,6,0
2057,2057,13,206,16,1
2058,2058,2,218,7,1
2059,2059,3,294,9,0
2060,2060,10,426,13,0
2061,2061,8,101,14,1
2062,2062,18,53,14,1
2063,2063,3,363,14,0
2064,2064,7,118,14,1
2065,2065,20,152,15,1
2066,2066,6,245,18,1
2067,2067,12,370,11,0
2068,2068,9,312,11,1
2069,2069,10,427,17,1
2070,2070,17,140,17,0
2071,2071,15,374,16,1
2072,2072,8,357,8,1
2073,2073,9,458,15,1
2074,2074,15,270,19,1
2075,2075,4,92,7,0
2076,2076,15,216,5,1
2077,2077,17,183,10,0
2078,2078,12,438,5,1
2079,2079,19,141,18,0
2080,2080,19,78,12,1
2081,2081,6,381,14,0
2082,2082,13,61,7,0
2083,2083,13,490,16,0
2084,2084,17,76,11,1
2085,2085,10,417,12,0
2086,2086,5,415,6,1
2087,2087,10,119,17,0
2088,2088,11,363,13,1
2089,2089,11,435,12,1
2090,2090,18,289,16,0
2091,2091,12,447,11,0
2092,2092,2,421,9,0
2093,2093,11,152,9,1
2094,2094,1,426,12,1
2095,2095,3,307,11,1
2096,2096,3,441,18,1
2097,2097,15,58,16,0
2098,2098,20,134,12,0
2099,2099,19,479,20,0
2100,2100,3,242,6,1
2101,2101,8,283,14,1
2102,2102,11,450,20,0
2103,2103,14,154,16,0
2104,2104,12,228,11,1
2105,2105,16,456,7,0
2106,2106,17,155,8,0
2107,2107,3,146,13,0
2108,2108,4,426,8,0
2109,2109,5,95,11,0
2110,2110,12,80,14,1
2111,2111,18,213,19,1
2112,2112,10,364,13,1
2113,2113,10,433,17,1
2114,2114,17,122,18,0
2115,2115,16,320,11,1
2116,2116,3,459,16,1
2117,2117,15,287,13,1
2118,2118,9,221,10,0
2119,2119,1,197,5,0
2120,2120,14,224,6,0
2121,2121,17,98,17,1
2122,2122,8,227,18,0
2123,2123,2,334,17,0
2124,2124,9,112,13,1
2125,2125,19,74,16,0
2126,2126,18,469,15,0
2127,2127,13,433,18,1
2128,2128,5,134,5,0
2129,2129,12,422,14,1
2130,2130,16,295,13,1
2131,2131,11,215,16,1
2132,2132,20,411,14,1
2133,2133,11,187,18,1
2134,2134,14,54,6,0
2135,2135,6,344,20,0
2136,2136,5,260,6,1
2137,2137,2,52,7,1
2138,2138,8,189,18,0
2139,2139,5,374,9,1
2140,2140,11,403,9,1
2141,2141,5,419,11,0
2142,2142,15,263,13,0
2143,2143,17,447,5,1
2144,2144,19,239,7,0
2145,2145,10,367,10,0
2146,2146,16,68,20,0
2147,2147,20,386,20,0
2148,2148,6,405,12,1
2149,2149,12,220,13,1
2150,2150,20,297,9,0
2151,2151,17,424,20,1
2152,2152,11,490,9,1
2153,2153,1,384,18,1
2154,2154,9,426,14,1
2155,2155,15,302,20,0
2156,2156,12,240,17,0
2157,2157,7,397,5,0
2158,2158,2,271,10,1
2159,2159,13,444,18,1
2160,2160,12,354,18,0
2161,2161,5,435,11,0
2162,2162,2,271,17,0
2163,2163,19,443,5,0
2164,2164,8,485,15,0
2165,2165,16,103,7,0
2166,2166,3,300,9,1
2167,2167,15,401,15,1
2168,2168,17,59,15,0
2169,2169,18,448,13,1
2170,2170,5,215,13,0
2171,2171,15,499,17,1
2172,2172,19,447,19,1
2173,2173,12,144,8,1
2174,2174,18,249,12,0
2175,2175,13,105,7,1
2176,2176,8,413,20,0
2177,2177,11,85,16,0
2178,2178,5,220,12,0
2179,2179,5,342,5,1
2180,2180,1,148,7,0
2181,2181,8,161,16,0
2182,2182,3,342,15,1
2183,2183,1,488,20,0
2184,2184,14,245,5,1
2185,2185,18,109,19,1
2186,2186,14,481,19,0
2187,2187,8,421,19,1
2188,2188,4,408,19,0
2189,2189,12,354,16,1
2190,2190,4,198,16,1
2191,2191,17,222,13,0
2192,2192,20,55,18,1
2193,2193,14,442,19,1
2194,2194,12,164,20,1
2195,2195,3,333,18,0
2196,2196,14,447,12,0
2197,2197,19,477,17,1
2198,2198,13,500,17,1
2199,2199,3,491,13,1
2200,2200,16,235,16,1
2201,2201,11,295,18,1
2202,2202,6,296,6,0
2203,2203,14,304,11,0
2204,2204,19,108,18,0
2205,2205,18,71,10,1
2206,2206,3,300,16,1
2207,2207,13,257,18,0
2208,2208,1,137,6,0
2209,2209,18,240,20,0
2210,2210,7,354,9,0
2211,2211,3,236,6,0
2212,2212,16,73,8,0
2213,2213,8,485,11,1
2214,2214,19,481,11,1
2215,2215,6,203,19,0
2216,2216,5,384,20,1
2217,2217,15,225,14,1
2218,2218,13,493,6,0
2219,2219,18,492,18,0
2220,2220,19,294,18,0
2221,2221,13,261,12,0
2222,2222,2,435,19,0
2223,2223,3,83,13,0
2224,2224,20,376,12,1
2225,2225,16,270,10,1
2226,2226,13,410,6,1
2227,2227,3,411,15,1
2228,2228,10,420,6,1
2229,2229,19,191,15,0
2230,2230,6,473,8,0
2231,2231,8,208,8,0
2232,2232,9,227,6,1
2233,2233,5,237,16,1
2234,2234,9,206,7,0
2235,2235,3,350,7,0
2236,2236,8,404,20,1
2237,2237,13,175,5,1
2238,2238,5,497,5,1
2239,2239,2,391,18,1
2240,2240,7,69,8,0
2241,2241,4,156,6,1
2242,2242,13,468,16,1
2243,2243,2,140,6,0
2244,2244,16,373,11,1
2245,2245,10,75,17,1
2246,2246,9,183,17,1
2247,2247,14,93,18,1
2248,2248,12,74,19,0
2249,2249,2,444,20,1
2250,2250,7,240,14,1
2251,2251,5,386,6,1
2252,2252,17,284,12,1
2253,2253,4,445,6,0
2254,2254,10,404,13,0
2255,2255,14,233,8,1
2256,2256,5,177,6,0
2257,2257,12,238,6,1
2258,2258,6,413,8,0
2259,2259,16,245,11,1
2260,2260,16,124,10,1
2261,2261,18,89,14,1
2262,2262,4,465,8,1
2263,2263,19,497,8,0
2264,2264,13,73,12,1
2265,2265,7,407,12,0
2266,2266,15,262,5,1
2267,2267,4,184,16,1
2268,2268,5,421,13,0
2269,2269,9,251,14,0
2270,2270,10,229,12,0
2271,2271,13,257,15,1
2272,2272,11,275,14,1
2273,2273,18,382,12,1
2274,2274,15,210,14,0
2275,2275,17,192,5,0
2276,2276,10,169,14,1
2277,2277,8,50,6,1
2278,2278,13,294,19,0
2279,2279,19,127,11,1
2280,2280,8,183,7,0
2281,2281,4,336,8,1
2282,2282,20,251,11,1
2283,2283,13,52,12,0
2284,2284,16,127,16,1
2285,2285,2,391,7,0
2286,2286,14,369,7,0
2287,2287,2,476,6,1
2288,2288,7,288,12,1
2289,2289,14,260,11,0
2290,2290,16,184,8,1
2291,2291,7,125,12,0
2292,2292,11,358,12,1
2293,2293,19,204,13,0
2294,2294,18,268,13,0
2295,2295,16,387,6,1
2296,2296,16,58,13,1
2297,2297,4,147,15,1
2298,2298,6,457,11,1
2299,2299,12,295,11,1
2300,2300,17,102,10,1
2301,2301,7,66,9,0
2302,2302,5,416,11,0
2303,2303,8,51,20,0
2304,2304,15,273,10,1
2305,2305,13,413,5,0
2306,2306,17,499,10,0
2307,2307,14,431,12,0
2308,2308,5,272,9,0
2309,2309,13,422,14,0
2310,2310,9,250,13,1
2311,2311,18,423,8,1
2312,2312,19,110,16,0
2313,2313,20,219,16,0
2314,2314,5,277,14,0
2315,2315,2,151,16,0
2316,2316,11,278,10,1
2317,2317,15,53,20,0
2318,2318,5,236,10,0
2319,2319,19,146,19,0
2320,2320,11,94,17,0
2321,2321,15,244,17,0
2322,2322,9,303,13,1
2323,2323,8,406,17,0
2324,2324,16,103,13,0
2325,2325,8,195,14,1
2326,2326,9,430,18,0
2327,2327,10,65,13,0
2328,2328,17,487,15,1
2329,2329,11,396,6,1
2330,2330,4,63,5,1
2331,2331,6,146,18,1
2332,2332,2,131,19,0
2333,2333,11,77,11,0
2334,2334,16,174,16,1
2335,2335,15,87,11,1
2336,2336,19,177,7,0
2337,2337,1,136,9,0
2338,2338,10,239,15,1
2339,2339,14,360,14,0
2340,2340,16,316,10,0
2341,2341,5,241,15,0
2342,2342,20,105,10,0
2343,2343,7,133,8,1
2344,2344,18,375,7,0
2345,2345,5,138,18,0
2346,2346,5,449,6,1
2347,2347,11,127,10,0
2348,2348,19,346,15,0
2349,2349,1,129,13,1
2350,2350,7,183,5,1
2351,2351,20,94,9,1
2352,2352,5,418,7,1
2353,2353,1,248,17,0
2354,2354,13,348,11,0
2355,2355,18,455,5,0
2356,2356,9,404,17,1
2357,2357,2,79,14,0
2358,2358,19,261,7,0
2359,2359,2,427,16,0
2360,2360,2,440,12,0
2361,2361,6,384,15,0
2362,2362,15,397,13,0
2363,2363,13,485,16,0
2364,2364,20,108,17,0
2365,2365,3,250,7,1
2366,2366,2,426,6,1
2367,2367,11,124,19,0
2368,2368,2,267,15,0
2369,2369,12,282,11,1
2370,2370,5,54,15,1
2371,2371,19,290,13,1
2372,2372,1,330,13,1
2373,2373,14,459,9,0
2374,2374,20,200,13,1
2375,2375,3,404,11,1
2376,2376,20,156,13,1
2377,2377,1,174,18,1
2378,2378,12,64,18,1
2379,2379,11,203,12,0
2380,2380,6,283,16,1
2381,2381,5,483,10,1
2382,2382,3,231,18,1
2383,2383,1,410,17,1
2384,2384,9,196,19,0
2385,2385,8,436,10,0
2386,2386,14,119,18,1
2387,2387,17,279,12,1
2388,2388,1,374,16,1
2389,2389,14,442,6,0
2390,2390,11,162,9,0
2391,2391,10,222,14,1
2392,2392,15,325,7,1
2393,2393,13,55,14,1
2394,2394,14,403,10,1
2395,2395,15,396,13,1
2396,2396,9,93,9,0
2397,2397,17,328,12,0
2398,2398,20,469,11,0
2399,2399,11,311,19,0
2400,2400,20,225,16,1
2401,2401,8,236,14,0
2402,2402,6,446,10,0
2403,2403,4,201,15,0
2404,2404,5,424,9,1
2405,2405,12,427,10,0
2406,2406,1,235,10,1
2407,2407,19,95,9,0
2408,2408,14,423,12,1
2409,2409,7,94,10,1
2410,2410,4,154,7,0
2411,2411,19,380,7,1
2412,2412,6,85,11,0
2413,2413,7,203,7,1
2414,2414,7,214,5,0
2415,2415,6,302,7,1
2416,2416,2,490,19,0
2417,2417,7,422,7,0
2418,2418,15,495,19,0
2419,2419,20,442,12,0
2420,2420,16,385,6,1
2421,2421,7,406,11,0
2422,2422,20,327,9,1
2423,2423,12,209,10,0
2424,2424,18,322,5,0
2425,2425,14,314,18,1
2426,2426,8,220,16,0
2427,2427,2,106,13,1
2428,2428,6,85,7,1
2429,2429,10,135,17,0
2430,2430,9,244,13,0
2431,2431,9,483,16,1
2432,2432,8,447,9,0
2433,2433,9,249,12,1
2434,2434,15,234,6,0
2435,2435,9,146,20,1
2436,2436,14,206,10,1
2437,2437,13,231,18,0
2438,2438,17,154,13,1
2439,2439,10,467,18,0
2440,2440,9,277,5,1
2441,2441,20,497,14,1
2442,2442,6,297,10,1
2443,2443,16,243,13,1
2444,2444,11,317,13,0
2445,2445,19,180,17,0
2446,2446,8,424,15,0
2447,2447,16,111,9,1
2448,2448,4,297,6,1
2449,2449,1,234,19,0
2450,2450,17,291,5,0
2451,2451,16,441,18,0
2452,2452,2,404,18,1
2453,2453,14,394,13,1
2454,2454,5,311,10,0
2455,2455,16,436,9,0
2456,2456,13,226,10,1
2457,2457,1,94,18,1
2458,2458,9,412,11,1
2459,2459,12,302,18,0
2460,2460,5,452,12,1
2461,2461,19,415,6,0
2462,2462,7,169,11,0
2463,2463,12,56,13,1
2464,2464,19,247,5,1
2465,2465,12,406,12,1
2466,2466,1,358,18,1
2467,2467,5,289,11,0
2468,2468,1,449,7,0
2469,2469,13,284,12,1
2470,2470,3,95,5,0
2471,2471,5,438,17,0
2472,2472,19,53,11,1
2473,2473,14,312,20,0
2474,2474,3,163,10,1
2475,2475,7,159,7,1
2476,2476,19,422,5,1
2477,2477,14,364,16,1
2478,2478,2,444,16,0
2479,2479,16,455,11,0
2480,2480,11,333,11,1
2481,2481,15,360,17,1
2482,2482,13,380,17,1
2483,2483,6,354,15,0
2484,2484,12,329,6,0
2485,2485,20,256,13,1
2486,2486,19,72,12,1
2487,2487,14,316,12,0
2488,2488,18,442,5,0
2489,2489,17,98,7,1
2490,2490,3,241,6,1
2491,2491,4,271,20,0
2492,2492,1,434,16,0
2493,2493,20,193,16,0
2494,2494,9,235,16,1
2495,2495,9,262,9,0
2496,2496,19,110,18,0
2497,2497,4,143,15,1
2498,2498,5,357,18,0
2499,2499,13,65,16,0
2500,2500,2,402,5,1
2501,2501,2,480,12,1
2502,2502,9,261,9,1
2503,2503,14,122,13,0
2504,2504,20,211,11,1
2505,2505,20,121,17,0
2506,2506,13,462,19,1
2507,2507,13,115,13,1
2508,2508,2,470,14,0
2509,2509,16,153,15,0
2510,2510,2,499,7,1
2511,2511,2,442,7,0
2512,2512,12,114,8,0
2513,2513,9,463,20,0
2514,2514,15,268,9,0
2515,2515,20,340,17,0
2516,2516,12,447,16,0
2517,2517,10,201,10,0
2518,2518,4,177,13,1
2519,2519,17,272,17,1
2520,2520,18,390,9,0
2521,2521,3,102,16,0
2522,2522,2,375,8,0
2523,2523,10,209,13,0
2524,2524,20,452,19,0
2525,2525,1,204,20,1
2526,2526,14,256,6,0
2527,2527,19,313,9,1
2528,2528,7,185,6,1
2529,2529,7,208,19,1
2530,2530,15,51,19,1
2531,2531,5,489,18,0
2532,2532,15,203,16,1
2533,2533,13,143,11,1
2534,2534,17,100,9,1
2535,2535,13,413,12,1
2536,2536,4,469,16,1
2537,2537,8,222,20,0
2538,2538,14,267,7,0
2539,2539,9,328,14,0
2540,2540,7,66,8,0
2541,2541,4,261,13,1
2542,2542,19,447,13,1
2543,2543,20,363,17,1
2544,2544,6,271,14,0
2545,2545,17,482,16,1
2546,2546,6,366,8,1
2547,2547,6,332,18,0
2548,2548,20,474,11,0
2549,2549,16,386,18,1
2550,2550,11,185,19,0
2551,2551,8,116,13,0
2552,2552,16,378,13,1
2553,2553,12,160,11,1
2554,2554,6,318,6,1
2555,2555,15,161,10,1
2556,2556,2,373,18,0
2557,2557,15,485,9,1
2558,2558,16,499,7,0
2559,2559,14,203,13,1
2560,2560,16,160,15,1
2561,2561,16,145,19,0
2562,2562,11,143,12,1
2563,2563,4,351,14,0
2564,2564,14,83,6,1
2565,2565,14,380,14,1
2566,2566,1,387,14,0
2567,2567,5,493,19,0
2568,2568,3,71,15,0
2569,2569,2,367,6,0
2570,2570,2,175,16,1
2571,2571,8,399,19,0
2572,2572,5,199,9,0
2573,2573,5,320,8,0
2574,2574,10,357,19,0
2575,2575,11,130,20,0
2576,2576,14,236,19,1
2577,2577,19,486,15,1
2578,2578,15,194,8,1
2579,2579,5,220,5,1
2580,2580,12,437,9,0
2581,2581,10,497,10,1
2582,2582,5,290,6,0
2583,2583,10,427,18,1
2584,2584,14,218,16,0
2585,2585,15,447,9,1
2586,2586,13,153,13,0
2587,2587,2,232,15,1
2588,2588,14,262,6,1
2589,2589,19,90,20,0
2590,2590,16,164,17,1
2591,2591,8,62,7,0
2592,2592,7,132,17,1
2593,2593,7,350,6,0
2594,2594,8,364,11,1
2595,2595,4,54,12,1
2596,2596,6,467,18,1
2597,2597,15,276,15,0
2598,2598,9,206,13,1
2599,2599,11,123,11,1
2600,2600,13,391,7,0
2601,2601,5,76,12,1
2602,2602,18,411,15,1
2603,2603,11,383,16,1
2604,2604,1,433,20,1
2605,2605,20,260,8,1
2606,2606,9,311,18,1
2607,2607,4,97,16,0
2608,2608,4,370,13,0
2609,2609,19,393,6,1
2610,2610,18,72,6,1
2611,2611,3,235,5,1
2612,2612,6,470,11,0
2613,2613,16,354,9,0
2614,2614,19,172,9,0
2615,2615,20,260,16,1
2616,2616,7,178,19,1
2617,2617,14,123,19,1
2618,2618,12,213,19,0
2619,2619,17,344,12,0
2620,2620,9,468,6,1
2621,2621,4,185,18,1
2622,2622,19,215,14,0
2623,2623,20,153,12,0
2624,2624,12,469,14,0
2625,2625,15,188,19,0
2626,2626,20,241,17,0
2627,2627,15,172,5,0
2628,2628,12,87,20,0
2629,2629,16,417,14,1
2630,2630,19,53,13,1
2631,2631,18,347,10,1
2632,2632,13,63,12,1
2633,2633,3,75,6,0
2634,2634,13,485,20,0
2635,2635,19,338,15,1
2636,2636,1,458,8,0
2637,2637,4,321,10,1
2638,2638,12,146,16,0
2639,2639,16,360,12,1
2640,2640,10,229,9,0
2641,2641,2,464,20,0
2642,2642,19,89,12,1
2643,2643,13,481,15,0
2644,2644,2,108,10,0
2645,2645,19,134,9,0
2646,2646,15,465,19,1
2647,2647,16,154,7,0
2648,2648,11,219,20,1
2649,2649,15,244,16,1
2650,2650,20,462,15,1
2651,2651,9,124,20,1
2652,2652,12,499,18,0
2653,2653,19,89,8,0
2654,2654,2,495,18,1
2655,2655,10,475,12,1
2656,2656,6,176,14,0
2657,2657,2,75,18,0
2658,2658,3,118,7,1
2659,2659,1,246,6,1
2660,2660,3,272,17,1
2661,2661,11,274,8,1
2662,2662,19,466,8,0
2663,2663,19,434,7,0
2664,2664,13,128,5,0
2665,2665,4,273,17,1
2666,2666,18,247,19,1
2667,2667,9,63,8,0
2668,2668,11,143,13,0
2669,2669,9,121,15,0
2670,2670,18,445,9,0
2671,2671,14,88,6,1
2672,2672,2,394,20,0
2673,2673,12,465,11,0
2674,2674,8,457,11,1
2675,2675,6,383,12,1
2676,2676,3,399,10,0
2677,2677,10,51,20,1
2678,2678,18,283,17,1
2679,2679,8,428,16,1
2680,2680,19,363,7,1
2681,2681,14,225,8,0
2682,2682,12,304,9,0
2683,2683,14,160,8,0
2684,2684,17,486,15,0
2685,2685,15,94,14,0
2686,2686,18,450,13,0
2687,2687,4,396,6,0
2688,2688,5,118,13,1
2689,2689,18,360,20,0
2690,2690,1,420,11,1
2691,2691,2,83,5,1
2692,2692,8,419,20,0
2693,2693,20,456,7,1
2694,2694,16,89,9,0
2695,2695,8,165,6,1
2696,2696,9,454,19,0
2697,2697,18,374,8,1
2698,2698,11,250,9,0
2699,2699,20,211,13,0
2700,2700,11,443,16,0
2701,2701,9,436,12,1
2702,2702,15,423,9,0
2703,2703,15,113,10,1
2704,2704,15,209,18,1
2705,2705,14,80,13,1
2706,2706,1,287,6,1
2707,2707,15,364,20,1
2708,2708,2,499,9,1
2709,2709,10,80,7,1
2710,2710,8,135,19,1
2711,2711,1,231,17,1
2712,2712,11,87,15,1
2713,2713,4,102,12,1
2714,2714,12,451,19,0
2715,2715,9,400,15,1
2716,2716,14,440,15,0
2717,2717,20,459,11,0
2718,2718,12,371,15,0
2719,2719,16,182,14,0
2720,2720,16,185,12,0
2721,2721,2,329,18,0
2722,2722,7,384,17,0
2723,2723,1,151,18,0
2724,2724,19,123,17,0
2725,2725,16,80,12,1
2726,2726,20,174,18,0
2727,2727,19,231,19,0
2728,2728,7,104,12,0
2729,2729,1,102,19,1
2730,2730,9,133,17,0
2731,2731,12,446,14,1
2732,2732,5,157,15,1
2733,2733,15,444,10,0
2734,2734,1,149,13,1
2735,2735,16,142,5,0
2736,2736,8,280,12,0
2737,2737,7,400,19,1
2738,2738,14,337,20,0
2739,2739,19,445,6,0
2740,2740,11,65,11,0
2741,2741,17,222,5,0
2742,2742,1,314,20,1
2743,2743,11,366,19,0
2744,2744,20,326,8,1
2745,2745,8,104,20,1
2746,2746,10,279,13,0
2747,2747,18,278,13,0
2748,2748,14,384,19,1
2749,2749,2,232,9,1
2750,2750,1,152,17,1
2751,2751,12,131,20,0
2752,2752,5,63,15,1
2753,2753,12,60,5,0
2754,2754,7,470,12,1
2755,2755,5,467,5,1
2756,2756,1,66,6,1
2757,2757,16,422,17,0
2758,2758,3,180,16,1
2759,2759,5,235,12,0
2760,2760,20,138,7,0
2761,2761,8,407,8,0
2762,2762,1,86,16,1
2763,2763,13,100,17,1
2764,2764,13,490,13,1
2765,2765,12,209,15,1
2766,2766,12,353,20,0
2767,2767,9,262,10,1
2768,2768,14,262,18,0
2769,2769,3,173,5,0
2770,2770,9,305,15,1
2771,2771,12,361,19,1
2772,2772,17,283,7,0
2773,2773,14,325,18,1
2774,2774,18,433,8,1
2775,2775,20,324,14,0
2776,2776,4,117,20,0
2777,2777,11,115,8,1
2778,2778,9,143,9,0
2779,2779,14,68,9,1
2780,2780,13,77,20,1
2781,2781,10,147,16,0
2782,2782,1,339,19,0
2783,2783,1,99,10,0
2784,2784,8,181,19,1
2785,2785,15,197,19,0
2786,2786,14,495,9,1
2787,2787,2,475,12,0
2788,2788,16,160,7,0
2789,2789,4,453,16,1
2790,2790,10,476,17,1
2791,2791,9,178,11,0
2792,2792,9,126,10,1
2793,2793,8,392,20,0
2794,2794,7,80,18,0
2795,2795,14,261,8,1
2796,2796,10,162,10,1
2797,2797,14,220,8,1
2798,2798,11,468,16,1
2799,2799,2,341,17,1
2800,2800,3,223,16,1
2801,2801,15,85,14,0
2802,2802,2,141,9,0
2803,2803,12,376,16,0
2804,2804,10,380,15,0
2805,2805,18,308,9,1
2806,2806,13,374,14,0
2807,2807,12,268,10,1
2808,2808,19,373,14,1
2809,2809,9,253,8,0
2810,2810,20,136,17,1
2811,2811,20,215,18,0
2812,2812,9,112,17,0
2813,2813,19,373,5,0
2814,2814,3,371,9,0
2815,2815,7,199,5,0
2816,2816,2,67,8,0
2817,2817,8,52,8,0
2818,2818,7,448,20,0
2819,2819,10,370,6,1
2820,2820,5,386,5,0
2821,2821,19,398,5,0
2822,2822,7,426,16,0
2823,2823,12,289,16,1
2824,2824,7,308,8,0
2825,2825,18,146,17,1
2826,2826,8,401,15,0
2827,2827,1,225,5,1
2828,2828,17,81,12,1
2829,2829,20,280,17,1
2830,2830,17,135,19,1
2831,2831,18,105,7,0
2832,2832,1,70,16,0
2833,2833,13,418,7,1
2834,2834,9,386,7,0
2835,2835,20,386,8,0
2836,2836,11,349,15,0
2837,2837,1,219,7,1
2838,2838,5,281,10,1
2839,2839,11,318,20,0
2840,2840,16,400,5,0
2841,2841,8,323,14,1
2842,2842,8,172,7,1
2843,2843,5,372,10,0
2844,2844,7,253,11,1
2845,2845,7,285,6,1
2846,2846,12,93,7,0
2847,2847,19,373,14,0
2848,2848,17,189,20,0
2849,2849,10,383,20,1
2850,2850,1,458,12,1
2851,2851,8,89,5,0
2852,2852,10,74,7,1
2853,2853,14,208,8,0
2854,2854,20,274,7,1
2855,2855,6,180,6,0
2856,2856,20,80,17,0
2857,2857,20,440,17,1
2858,2858,2,250,5,1
2859,2859,8,410,15,1
2860,2860,16,64,15,1
2861,2861,16,418,8,0
2862,2862,20,171,15,1
2863,2863,12,158,16,1
2864,2864,16,116,17,0
2865,2865,10,228,12,1
2866,2866,11,219,6,1
2867,2867,11,219,7,0
2868,2868,18,486,10,1
2869,2869,19,397,6,0
2870,2870,17,438,7,1
2871,2871,5,153,20,1
2872,2872,20,61,13,0
2873,2873,13,305,20,0
2874,2874,6,71,14,0
2875,2875,13,94,14,0
2876,2876,2,291,6,0
2877,2877,8,172,18,1
2878,2878,12,364,15,1
2879,2879,4,240,11,0
2880,2880,5,85,14,1
2881,2881,15,57,17,1
2882,2882,11,104,18,1
2883,2883,5,340,15,1
2884,2884,2,443,8,0
2885,2885,18,397,15,0
2886,2886,10,65,13,0
2887,2887,5,54,7,1
2888,2888,12,397,12,1
2889,2889,11,286,20,0
2890,2890,14,56,20,0
2891,2891,12,417,11,0
2892,2892,17,85,16,1
2893,2893,11,348,14,0
2894,2894,8,406,18,0
2895,2895,19,311,9,1
2896,2896,3,482,14,1
2897,2897,17,227,10,1
2898,2898,7,118,12,0
2899,2899,10,96,18,0
2900,2900,1,453,9,0
2901,2901,7,241,17,1
2902,2902,10,131,20,0
2903,2903,10,115,12,1
2904,2904,18,488,15,1
2905,2905,18,133,7,1
2906,2906,7,418,14,1
2907,2907,8,152,20,0
2908,2908,20,402,11,0
2909,2909,9,475,8,1
2910,2910,2,114,17,1
2911,2911,10,136,5,0
2912,2912,19,421,7,1
2913,2913,12,412,5,0
2914,2914,19,476,18,1
2915,2915,18,485,7,1
2916,2916,15,246,5,0
2917,2917,15,259,6,1
2918,2918,1,101,7,0
2919,2919,14,381,19,0
2920,2920,8,346,5,1
2921,2921,16,183,17,1
2922,2922,3,331,20,0
2923,2923,17,351,10,1
2924,2924,9,206,5,0
2925,2925,11,393,6,0
2926,2926,17,422,20,1
2927,2927,8,321,15,1
2928,2928,8,327,13,0
2929,2929,4,345,14,0
2930,2930,11,335,19,1
2931,2931,2,449,14,0
2932,2932,16,384,11,0
2933,2933,14,142,17,1
2934,2934,1,110,12,0
2935,2935,17,86,9,0
2936,2936,5,369,10,0
2937,2937,1,136,13,1
2938,2938,11,407,16,0
2939,2939,15,465,9,1
2940,2940,20,469,8,1
2941,2941,8,265,20,0
2942,2942,14,164,13,1
2943,2943,6,432,16,1
2944,2944,7,443,15,1
2945,2945,11,53,11,0
2946,2946,5,402,17,1
2947,2947,6,290,19,0
2948,2948,19,139,12,0
2949,2949,12,238,13,0
2950,2950,17,165,5,0
2951,2951,14,346,17,1
2952,2952,17,456,16,0
2953,2953,14,247,6,0
2954,2954,6,498,11,1
2955,2955,7,130,17,0
2956,2956,13,91,7,1
2957,2957,8,170,17,1
2958,2958,9,219,19,1
2959,2959,12,90,6,1
2960,2960,2,276,13,1
2961,2961,20,249,20,1
2962,2962,5,446,11,1
2963,2963,1,314,16,0
2964,2964,1,223,12,0
2965,2965,3,137,10,1
2966,2966,6,482,19,1
2967,2967,14,427,12,0
2968,2968,3,429,10,1
2969,2969,5,296,17,1
2970,2970,19,63,18,1
2971,2971,14,79,13,1
2972,2972,1,103,6,0
2973,2973,9,298,13,0
2974,2974,9,218,20,0
2975,2975,20,243,6,1
2976,2976,5,157,9,1
2977,2977,19,255,5,0
2978,2978,11,198,6,0
2979,2979,13,84,12,1
2980,2980,9,173,16,0
2981,2981,18,97,7,1
2982,2982,15,191,6,1
2983,2983,20,362,17,0
2984,2984,9,493,5,1
2985,2985,16,132,8,1
2986,2986,14,260,12,1
2987,2987,9,217,20,0
2988,2988,19,182,7,1
2989,2989,10,166,6,1
2990,2990,7,272,13,1
2991,2991,10,73,9,0
2992,2992,14,132,10,1
2993,2993,7,458,20,0
2994,2994,11,391,12,1
2995,2995,11,335,15,0
2996,2996,4,243,6,0
2997,2997,4,274,8,0
2998,2998,15,497,14,0
2999,2999,20,258,19,1
3000,3000,2,344,7,1
3001,3001,16,130,6,0
3002,3002,13,171,13,0
3003,3003,5,215,14,0
3004,3004,6,163,15,0
3005,3005,14,66,15,1
3006,3006,8,118,18,0
3007,3007,15,368,16,0
3008,3008,9,212,17,0
3009,3009,14,94,20,1
3010,3010,7,460,11,1
3011,3011,1,187,18,0
3012,3012,13,115,13,1
3013,3013,17,418,19,0
3014,3014,20,313,8,1
3015,3015,1,310,6,0
3016,3016,7,74,15,1
3017,3017,17,85,8,1
3018,3018,14,474,18,1
3019,3019,5,284,13,1
3020,3020,6,420,13,1
3021,3021,12,99,11,0
3022,3022,12,101,17,1
3023,3023,13,125,13,1
3024,3024,6,328,17,0
3025,3025,17,374,13,0
3026,3026,12,240,17,0
3027,3027,20,262,12,0
3028,3028,8,290,6,0
3029,3029,3,235,5,0
3030,3030,10,500,14,0
3031,3031,7,289,6,1
3032,3032,9,496,6,1
3033,3033,17,455,7,1
3034,3034,20,352,12,0
3035,3035,12,278,15,0
3036,3036,17,271,6,0
3037,3037,8,438,14,1
3038,3038,19,78,17,0
3039,3039,8,414,20,1
3040,3040,15,432,7,0
3041,3041,10,336,15,1
3042,3042,11,342,18,0
3043,3043,17,341,7,1
3044,3044,2,468,18,1
3045,3045,11,493,6,1
3046,3046,1,297,10,1
3047,3047,16,115,14,0
3048,3048,15,492,13,0
3049,3049,14,158,13,0
3050,3050,16,352,19,0
3051,3051,16,355,6,1
3052,3052,14,285,8,0
3053,3053,13,248,16,0
3054,3054,15,438,7,0
3055,3055,8,86,10,1
3056,3056,20,220,17,1
3057,3057,2,81,17,0
3058,3058,4,311,19,0
3059,3059,3,236,10,1
3060,3060,19,202,6,1
3061,3061,19,143,20,0
3062,3062,19,342,11,1
3063,3063,6,305,20,0
3064,3064,3,292,18,1
3065,3065,6,215,20,0
3066,3066,5,487,19,1
3067,3067,7,208,20,1
3068,3068,12,112,16,0
3069,3069,11,383,5,1
3070,3070,18,90,11,1
3071,3071,13,468,19,1
3072,3072,14,108,7,1
3073,3073,16,215,10,0
3074,3074,1,268,10,0
3075,3075,16,360,7,1
3076,3076,8,319,16,1
3077,3077,20,459,13,1
3078,3078,13,294,20,1
3079,3079,6,246,7,0
3080,3080,16,80,15,0
3081,3081,4,215,7,0
3082,3082,10,169,12,0
3083,3083,7,393,5,1
3084,3084,4,374,20,0
3085,3085,14,466,12,1
3086,3086,19,379,14,1
3087,3087,15,58,19,0
3088,3088,13,171,5,1
3089,3089,12,349,19,0
3090,3090,18,218,15,0
3091,3091,13,67,19,0
3092,3092,2,212,17,0
3093,3093,16,421,10,1
3094,3094,4,474,16,0
3095,3095,9,151,17,1
3096,3096,2,426,15,1
3097,3097,15,402,7,0
3098,3098,15,372,9,0
3099,3099,4,346,12,0
3100,3100,17,372,17,1
3101,3101,10,221,14,0
3102,3102,16,454,14,0
3103,3103,12,161,17,1
3104,3104,10,163,12,1
3105,3105,6,68,6,0
3106,3106,19,134,15,0
3107,3107,19,304,5,0
3108,3108,18,105,10,0
3109,3109,13,168,8,0
3110,3110,4,452,16,1
3111,3111,12,168,12,0
3112,3112,14,94,18,1
3113,3113,4,306,9,1
3114,3114,9,309,20,1
3115,3115,7,134,14,0
3116,3116,1,51,10,1
3117,3117,7,151,9,1
3118,3118,18,391,16,1
3119,3119,5,381,10,0
3120,3120,3,144,11,1
3121,3121,5,114,19,1
3122,3122,14,278,19,1
3123,3123,9,303,10,1
3124,3124,20,306,11,0
3125,3125,13,204,6,0
3126,3126,4,256,13,0
3127,3127,5,106,16,1
3128,3128,18,461,7,0
3129,3129,17,69,9,1
3130,3130,16,100,12,1
3131,3131,3,304,5,1
3132,3132,17,321,17,1
3133,3133,7,165,20,0
3134,3134,15,63,6,1
3135,3135,2,312,15,1
3136,3136,6,451,11,0
3137,3137,6,483,14,1
3138,3138,3,76,6,1
3139,3139,14,376,16,0
3140,3140,8,66,6,0
3141,3141,4,157,12,0
3142,3142,19,65,7,0
3143,3143,1,430,13,0
3144,3144,8,53,7,1
3145,3145,4,440,8,1
3146,3146,20,233,10,1
3147,3147,12,172,5,0
3148,3148,16,200,10,0
3149,3149,15,93,20,1
3150,3150,16,319,19,0
3151,3151,8,133,13,0
3152,3152,17,154,19,0
3153,3153,3,385,6,1
3154,3154,7,64,17,0
3155,3155,4,317,7,1
3156,3156,11,341,7,1
3157,3157,2,495,13,0
3158,3158,10,252,18,0
3159,3159,5,457,7,1
3160,3160,8,402,18,1
3161,3161,16,435,13,1
3162,3162,11,103,12,1
3163,3163,4,324,18,1
3164,3164,2,377,14,1
3165,3165,8,67,8,1
3166,3166,8,292,5,0
3167,3167,20,60,15,1
3168,3168,16,128,17,1
3169,3169,20,227,13,0
3170,3170,16,459,11,0
3171,3171,4,173,7,0
3172,3172,16,267,10,1
3173,3173,7,383,20,0
3174,3174,4,274,12,1
3175,3175,17,218,9,1
3176,3176,19,360,12,1
3177,3177,16,419,8,1
3178,3178,5,156,6,0
3179,3179,7,414,8,0
3180,3180,5,435,15,1
3181,3181,10,315,11,1
3182,3182,4,366,11,1
3183,3183,20,328,12,0
3184,3184,9,456,11,1
3185,3185,19,275,20,0
3186,3186,12,448,5,0
3187,3187,2,298,16,0
3188,3188,14,245,18,1
3189,3189,13,406,7,0
3190,3190,8,400,6,0
3191,3191,3,99,9,0
3192,3192,17,279,14,0
3193,3193,9,477,9,0
3194,3194,13,67,16,1
3195,3195,11,272,15,1
3196,3196,9,93,16,1
3197,3197,1,459,15,0
3198,3198,8,295,5,0
3199,3199,12,61,14,1
3200,3200,20,234,18,0
3201,3201,20,80,7,0
3202,3202,20,455,17,1
3203,3203,12,105,15,0
3204,3204,9,248,11,0
3205,3205,6,235,14,1
3206,3206,9,360,10,1
3207,3207,18,115,13,1
3208,3208,6,477,14,1
3209,3209,10,379,14,1
3210,3210,8,155,19,0
3211,3211,5,114,19,1
3212,3212,14,236,10,1
3213,3213,19,456,16,1
3214,3214,4,383,18,1
3215,3215,9,483,19,0
3216,3216,1,68,15,1
3217,3217,13,425,15,1
3218,3218,7,63,15,0
3219,3219,6,342,15,1
3220,3220,19,266,5,0
3221,3221,10,296,17,0
3222,3222,16,104,18,1
3223,3223,13,360,10,1
3224,3224,20,310,9,0
3225,3225,2,59,9,0
3226,3226,6,244,16,0
3227,3227,6,327,9,1
3228,3228,12,473,12,0
3229,3229,14,473,11,0
3230,3230,10,371,15,0
3231,3231,6,131,16,0
3232,3232,6,311,12,1
3233,3233,15,460,10,1
3234,3234,16,59,19,1
3235,3235,20,88,6,0
3236,3236,9,447,13,0
3237,3237,6,163,16,1
3238,3238,7,311,14,1
3239,3239,3,286,13,0
3240,3240,14,485,19,0
3241,3241,20,261,10,0
3242,3242,9,483,18,1
3243,3243,11,92,7,0
3244,3244,2,362,18,0
3245,3245,20,483,15,1
3246,3246,11,492,13,0
3247,3247,17,315,10,1
3248,3248,10,305,15,1
3249,3249,6,188,14,0
3250,3250,5,81,16,0
3251,3251,8,72,14,0
3252,3252,19,325,7,1
3253,3253,18,165,19,1
3254,3254,2,457,20,1
3255,3255,15,333,13,0
3256,3256,15,269,20,0
3257,3257,6,353,9,0
3258,3258,6,474,19,1
3259,3259,19,288,17,0
3260,3260,6,430,5,0
3261,3261,2,253,12,1
3262,3262,11,243,7,1
3263,3263,13,174,17,1
3264,3264,20,248,13,0
3265,3265,7,76,5,1
3266,3266,10,81,12,1
3267,3267,18,369,5,1
3268,3268,2,114,20,0
3269,3269,9,457,6,0
3270,3270,10,207,5,1
3271,3271,17,56,16,0
3272,3272,12,97,19,1
3273,3273,12,62,16,0
3274,3274,1,241,7,1
3275,3275,7,342,13,1
3276,3276,20,358,6,1
3277,3277,7,294,11,1
3278,3278,11,495,11,1
3279,3279,12,455,13,1
3280,3280,12,323,19,1
3281,3281,2,404,12,0
3282,3282,11,175,18,1
3283,3283,15,287,15,1
3284,3284,14,481,9,0
3285,3285,15,75,19,1
3286,3286,13,285,10,0
3287,3287,13,351,6,1
3288,3288,18,447,7,1
3289,3289,10,335,6,0
3290,3290,1,72,13,0
3291,3291,11,143,8,0
3292,3292,1,360,20,1
3293,3293,17,411,12,1
3294,3294,17,326,8,0
3295,3295,3,188,20,1
3296,3296,4,492,20,1
3297,3297,17,441,8,1
3298,3298,14,373,9,1
3299,3299,5,141,6,1
3300,3300,14,446,13,0
3301,3301,15,119,11,1
3302,3302,9,234,17,1
3303,3303,18,476,10,1
3304,3304,12,261,14,1
3305,3305,3,270,17,1
3306,3306,10,487,17,0
3307,3307,6,78,20,0
3308,3308,13,322,17,0
3309,3309,7,188,10,0
3310,3310,8,401,16,0
3311,3311,16,241,16,0
3312,3312,20,394,16,1
3313,3313,6,176,9,1
3314,3314,10,208,16,1
3315,3315,10,375,17,1
3316,3316,17,495,7,0
3317,3317,15,176,7,1
3318,3318,5,446,6,0
3319,3319,3,430,13,0
3320,3320,13,190,6,1
3321,3321,14,199,12,1
3322,3322,9,133,7,0
3323,3323,10,443,20,0
3324,3324,2,380,5,1
3325,3325,7,221,19,0
3326,3326,17,455,12,1
3327,3327,11,465,14,1
3328,3328,19,254,9,0
3329,3329,4,302,8,1
3330,3330,7,159,14,1
3331,3331,20,460,5,0
3332,3332,17,229,8,0
3333,3333,2,303,17,0
3334,3334,15,252,20,1
3335,3335,12,277,15,1
3336,3336,10,211,17,0
3337,3337,18,482,16,1
3338,3338,14,327,9,1
3339,3339,1,294,16,0
3340,3340,12,457,5,0
3341,3341,9,240,15,1
3342,3342,15,121,20,1
3343,3343,11,173,12,0
3344,3344,6,478,17,1
3345,3345,1,320,7,1
3346,3346,2,271,17,0
3347,3347,8,111,19,1
3348,3348,7,331,19,1
3349,3349,5,209,20,1
3350,3350,15,179,10,0
3351,3351,15,465,11,0
3352,3352,3,324,10,0
3353,3353,20,78,13,0
3354,3354,12,384,7,1
3355,3355,3,74,14,1
3356,3356,9,439,12,1
3357,3357,19,306,18,0
3358,3358,10,294,19,0
3359,3359,14,193,5,1
3360,3360,19,168,6,0
3361,3361,17,401,14,1
3362,3362,4,88,6,0
3363,3363,8,439,20,0
3364,3364,6,405,13,1
3365,3365,17,358,13,0
3366,3366,20,57,11,1
3367,3367,11,407,9,0
3368,3368,16,164,16,0
3369,3369,9,363,14,0
3370,3370,6,433,10,0
3371,3371,6,318,6,1
3372,3372,5,82,7,1
3373,3373,15,222,17,1
3374,3374,3,491,15,0
3375,3375,18,249,15,1
3376,3376,16,246,9,0
3377,3377,7,315,6,1
3378,3378,13,68,17,0
3379,3379,3,405,10,1
3380,3380,4,356,15,1
3381,3381,2,136,5,1
3382,3382,3,254,5,0
3383,3383,17,460,20,0
3384,3384,14,350,7,0
3385,3385,10,312,13,0
3386,3386,18,96,12,0
3387,3387,12,401,11,0
3388,3388,17,488,15,0
3389,3389,20,226,9,1
3390,3390,18,472,7,1
3391,3391,8,389,19,0
3392,3392,18,92,12,1
3393,3393,5,342,5,1
3394,3394,12,145,18,0
3395,3395,10,390,7,1
3396,3396,5,294,14,0
3397,3397,14,165,16,1
3398,3398,20,202,8,1
3399,3399,16,187,17,1
3400,3400,19,197,10,0
3401,3401,20,103,5,1
3402,3402,16,292,16,0
3403,3403,13,359,18,1
3404,3404,18,298,7,0
3405,3405,11,452,9,1
3406,3406,15,231,5,0
3407,3407,20,267,13,0
3408,3408,19,131,13,1
3409,3409,4,264,5,1
3410,3410,2,153,7,0
3411,3411,15,301,16,1
3412,3412,8,278,11,0
3413,3413,13,231,18,0
3414,3414,10,334,16,1
3415,3415,18,347,9,1
3416,3416,19,441,8,1
3417,3417,5,327,18,1
3418,3418,19,485,15,0
3419,3419,8,427,18,1
3420,3420,5,482,20,0
3421,3421,12,352,8,1
3422,3422,14,212,16,1
3423,3423,11,259,12,0
3424,3424,9,70,15,1
3425,3425,4,253,12,0
3426,3426,18,291,5,0
3427,3427,14,323,6,0
3428,3428,9,462,18,0
3429,3429,4,180,19,1
3430,3430,10,82,8,1
3431,3431,13,149,6,0
3432,3432,12,74,13,0
3433,3433,10,289,11,1
3434,3434,15,314,7,0
3435,3435,19,167,5,0
3436,3436,3,151,18,0
3437,3437,16,102,7,1
3438,3438,19,95,11,1
3439,3439,2,438,19,1
3440,3440,16,86,5,1
3441,3441,3,374,12,1
3442,3442,5,228,12,1
3443,3443,17,203,18,0
3444,3444,6,344,13,1
3445,3445,9,492,10,0
3446,3446,10,467,19,1
3447,3447,5,498,15,0
3448,3448,19,261,13,0
3449,3449,8,231,12,1
3450,3450,16,169,18,0
3451,3451,10,186,15,0
3452,3452,16,454,7,1
3453,3453,8,477,5,1
3454,3454,3,489,8,0
3455,3455,19,170,9,1
3456,3456,16,279,16,1
3457,3457,17,391,20,0
3458,3458,11,342,17,0
3459,3459,13,275,17,1
3460,3460,10,200,11,0
3461,3461,11,147,13,0
3462,3462,7,243,6,0
3463,3463,18,164,14,1
3464,3464,5,385,11,0
3465,3465,3,360,5,0
3466,3466,13,264,16,1
3467,3467,3,298,19,1
3468,3468,12,246,20,0
3469,3469,14,478,14,1
3470,3470,6,278,17,1
3471,3471,13,348,17,0
3472,3472,8,69,14,0
3473,3473,15,189,15,0
3474,3474,3,191,6,1
3475,3475,8,136,5,0
3476,3476,20,295,19,0
3477,3477,4,294,14,1
3478,3478,16,260,7,1
3479,3479,13,116,14,1
3480,3480,9,448,15,0
3481,3481,8,244,10,0
3482,3482,6,351,10,0
3483,3483,11,356,6,0
3484,3484,7,210,19,1
3485,3485,15,430,11,0
3486,3486,14,279,17,1
3487,3487,6,89,14,0
3488,3488,6,239,16,1
3489,3489,5,138,18,1
3490,3490,3,157,15,0
3491,3491,6,51,20,0
3492,3492,15,366,7,1
3493,3493,18,414,16,0
3494,3494,20,161,19,0
3495,3495,8,450,13,1
3496,3496,11,231,6,1
3497,3497,11,424,11,0
3498,3498,1,469,9,1
3499,3499,12,445,14,0
3500,3500,12,397,15,1
